Regions,Disparity Ratio_Full Time,Score_Full Time,Grades_Full Time,Disparity Ratio_Income,Score_Income,Grades_Income,Disparity Ratio_Poverty,Score_Poverty,Grades_Poverty,Disparity Ratio_Working Poor,Score_Working Poor,Grades_Working Poor,Disparity Ratio_Homeownership,Score_Homeownership,Grades_Homeownership,Disparity Ratio_Rent Burden,Score_Rent Burden,Grades_Rent Burden,Disparity Ratio_Unemployment,Score_Unemployment,Grades_Unemployment,Score_Overall,Grades_Overall
Capital Region,0.910,-0.667,C-,0.925,-0.478,C-,3.691,-1.289,D-,4.185,-1.873,E,0.740,-0.140,C,0.825,0.544,B-,5.301,-1.630,D-,-0.790,D
Central NY,1.010,0.282,B-,0.979,-0.312,C-,1.817,0.199,C,0.000,1.088,B,0.604,-0.917,D,2.566,-0.686,C-,1.329,0.277,B-,-0.010,C
Finger Lakes,1.059,0.751,B,1.092,0.037,C,2.251,-0.146,C,0.451,0.769,B,0.887,0.688,B-,1.469,0.089,C,5.746,-1.844,E,0.049,C
Long Island,1.100,1.144,B,0.898,-0.564,C-,0.861,0.958,B,2.003,-0.329,C-,0.884,0.675,B-,0.369,0.866,B,0.862,0.501,B-,0.464,B-
Mid-Hudson,1.026,0.440,B-,0.951,-0.400,C-,1.927,0.112,C,1.646,-0.077,C,0.845,0.452,B-,1.561,0.024,C,1.990,-0.041,C,0.073,C
Mohawk Valley,0.740,-2.295,E,1.726,2.002,A,0.698,1.087,B,2.886,-0.954,D,0.771,0.031,C,0.000,1.126,B,0.000,0.915,B,0.273,B-
New York City,0.986,0.059,C,0.845,-0.727,C-,1.645,0.335,B-,2.174,-0.450,C-,1.069,1.721,A-,1.624,-0.020,C,1.436,0.225,C,0.163,C
North Country,0.902,-0.747,C-,1.537,1.417,A-,0.849,0.968,B,0.000,1.088,B,0.817,0.295,B-,0.000,1.126,B,0.000,0.915,B,0.723,B-
Southern Tier,1.050,0.668,B-,0.675,-1.254,D-,2.325,-0.204,C,2.029,-0.348,C-,0.535,-1.306,D-,3.290,-1.197,D,2.390,-0.232,C,-0.553,C-
Western NY,1.018,0.365,B-,1.170,0.278,B-,4.611,-2.019,E,0.000,1.088,B,0.501,-1.500,D-,4.246,-1.872,E,0.000,0.915,B,-0.392,C-
"St. Lawrence County PUMA, New York",1.414,1.7252600529,A-,1.8703584812,1.1374948321,B,0,0.7464568008,B-,0,0.4991297525,B-,0.4659078747,-1.1091359362,D,0,0.4868878528,B-,0,0.299550837,B-,0.5408063131,B-
"Clinton, Franklin, Essex & Hamilton Counties PUMA; New York",0.470,-2.178561305,E,0.7478204127,-0.3616239191,C-,0.1324831214,0.7040511222,B-,0,0.4991297525,B-,1.1784950071,0.7035476282,B-,#DIV/0!,#DIV/0!,#DIV/0!,0,0.299550837,B-,#DIV/0!,#DIV/0!
"Warren & Washington Counties PUMA, New York",1.223,0.9369199862,B,0.2553600065,-1.0192912622,D,0,0.7464568008,B-,0,0.4991297525,B-,0,-2.2943152758,E,#DIV/0!,#DIV/0!,#DIV/0!,#DIV/0!,#DIV/0!,#DIV/0!,#DIV/0!,#DIV/0!
"Herkimer (North & Central) & Oneida (Outer) Counties PUMA, New York",#DIV/0!,#DIV/0!,#DIV/0!,#VALUE!,#VALUE!,#VALUE!,#DIV/0!,#DIV/0!,#DIV/0!,#DIV/0!,#DIV/0!,#DIV/0!,#DIV/0!,#DIV/0!,#DIV/0!,#DIV/0!,#DIV/0!,#DIV/0!,#DIV/0!,#DIV/0!,#DIV/0!,#DIV/0!,#DIV/0!
"Oneida County (Central)--Greater Utica & Rome Cities PUMA, New York",0.680,-1.3099899487,D-,0.6073338655,-0.5492398434,C-,0.7231018298,0.5150037412,B-,3.6359789322,-0.2411469431,C,0.7802083333,-0.3096164814,C-,#DIV/0!,#DIV/0!,#DIV/0!,0,0.299550837,B-,#DIV/0!,#DIV/0!
"Otsego, Schoharie, Oneida (South) & Herkimer (South) Counties PUMA; New York",0.852,-0.5971314658,C-,8.0905263196,9.4443580943,A,0.7888446215,0.4939605498,B-,0,0.4991297525,B-,0.9804339763,0.1997187504,C,0,0.4868878528,B-,0,0.299550837,B-,1.5466391958,A-
"Jefferson & Lewis Counties PUMA, New York",0.000,-4.1210621577,E,#VALUE!,#VALUE!,#VALUE!,5.0967495285,-0.8849292963,D,#DIV/0!,#DIV/0!,#DIV/0!,1.4446386946,1.3805655901,A-,#DIV/0!,#DIV/0!,#DIV/0!,0,0.299550837,B-,#DIV/0!,#DIV/0!
"Oswego County PUMA, New York",0.892,-0.4335380207,C-,0.9443606953,-0.0991497712,C,0,0.7464568008,B-,#DIV/0!,#DIV/0!,#DIV/0!,0.8556695664,-0.1176577289,C,0,0.4868878528,B-,0,0.299550837,B-,#DIV/0!,#DIV/0!
"Onondaga County (Central)--Syracuse City PUMA, New York",0.717,-1.158562734,D,1.0400763951,0.0286759163,C,1.5038367453,0.2651032744,B-,0,0.4991297525,B-,0.2093381775,-1.7617995222,E,4.3597930281,-0.6445605435,C-,0,0.299550837,B-,-0.3532090028,C-
"Onondaga County (North) PUMA, New York",1.253,1.0606936004,B,1.0753693184,0.0758086458,C,0,0.7464568008,B-,0,0.4991297525,B-,1.1964446629,0.7492080738,B-,#DIV/0!,#DIV/0!,#DIV/0!,0,0.299550837,B-,#DIV/0!,#DIV/0!
"Onondaga County (Central)--Syracuse City (Outer) PUMA, New York",1.102,0.434877407,B-,0.8454154357,-0.2312884471,C,4.3887120051,-0.6582980747,C-,0,0.4991297525,B-,0.5676032706,-0.8504425577,D,5.6297229219,-0.9741312668,D,#DIV/0!,#DIV/0!,#DIV/0!,#DIV/0!,#DIV/0!
"Cayuga & Onondaga (South) Counties PUMA, New York",#DIV/0!,#DIV/0!,#DIV/0!,#VALUE!,#VALUE!,#VALUE!,0,0.7464568008,B-,#DIV/0!,#DIV/0!,#DIV/0!,1.1815649532,0.7113569759,B-,#DIV/0!,#DIV/0!,#DIV/0!,#DIV/0!,#DIV/0!,#DIV/0!,#DIV/0!,#DIV/0!
"Wayne & Seneca Counties PUMA, New York",1.202,0.8493217512,B,3.9239312242,3.8799848128,A,0,0.7464568008,B-,0,0.4991297525,B-,1.1365579904,0.596867985,B-,#DIV/0!,#DIV/0!,#DIV/0!,0,0.299550837,B-,#DIV/0!,#DIV/0!
"Monroe County (East) PUMA, New York",1.210,0.8818400698,B,1.1991442437,0.2411066581,C,4.3842887473,-0.6568822623,C-,0,0.4991297525,B-,0.6140075377,-0.7323990955,C-,0,0.4868878528,B-,49.5695348655,-4.6505693662,E,-0.5615551987,C-
"Monroe County (Central)--Rochester City (East) PUMA, New York",0.875,-0.5046581917,C-,0.6835203945,-0.4474948269,C-,3.3741739824,-0.3335610603,C-,4.6193594905,-0.4413608947,C-,1.5640663026,1.6843662795,A-,5.1178221289,-0.8412833707,D,#DIV/0!,#DIV/0!,#DIV/0!,#DIV/0!,#DIV/0!
"Monroe County (Central)--Rochester City (West) PUMA, New York",0.610,-1.6010792557,D-,0.9343431979,-0.1125278637,C,5.0657249799,-0.8749988461,D,0,0.4991297525,B-,0.7694254326,-0.337046091,C-,35.3157894737,-8.6782245982,E,0,0.299550837,B-,-1.5435994379,D-
"Monroe County (Central)--Greece & Gates Towns PUMA, New York",0.583,-1.7125673138,D-,1.089866782,0.09516961,C,16.5115303983,-4.5386138079,E,#DIV/0!,#DIV/0!,#DIV/0!,0.814132277,-0.2233205433,C,#DIV/0!,#DIV/0!,#DIV/0!,#DIV/0!,#DIV/0!,#DIV/0!,#DIV/0!,#DIV/0!
"Monroe County (North & West) PUMA, New York",1.168,0.7096604086,B-,1.4560282798,0.5841682309,B-,0,0.7464568008,B-,0,0.4991297525,B-,0.8112248642,-0.2307164378,C,0,0.4868878528,B-,0,0.299550837,B-,0.4421624921,B-
"Monroe County (South) PUMA, New York",1.115,0.4904470043,B-,0.7874600784,-0.3086862345,C-,0,0.7464568008,B-,0,0.4991297525,B-,0.9692701736,0.1713201999,C,0,0.4868878528,B-,0,0.299550837,B-,0.340729459,B-
"Genesee & Orleans Counties PUMA, New York",1.396,1.6496252669,A-,0.6985799923,-0.4273831477,C-,0,0.7464568008,B-,#DIV/0!,#DIV/0!,#DIV/0!,1.07159305,0.4316097671,B-,#DIV/0!,#DIV/0!,#DIV/0!,0,0.299550837,B-,#DIV/0!,#DIV/0!
"Niagara County (Southwest)--Greater Niagara Falls & North Tonawanda Area PUMA, New York",1.334,1.3931723779,A-,0.3097351582,-0.946674741,D,0,0.7464568008,B-,0,0.4991297525,B-,1.4146341463,1.3042398342,A-,#DIV/0!,#DIV/0!,#DIV/0!,0,0.299550837,B-,#DIV/0!,#DIV/0!
"Niagara County (North & East) PUMA, New York",#DIV/0!,#DIV/0!,#DIV/0!,#VALUE!,#VALUE!,#VALUE!,#DIV/0!,#DIV/0!,#DIV/0!,#DIV/0!,#DIV/0!,#DIV/0!,#DIV/0!,#DIV/0!,#DIV/0!,#DIV/0!,#DIV/0!,#DIV/0!,#DIV/0!,#DIV/0!,#DIV/0!,#DIV/0!,#DIV/0!
"Erie County (Northwest) PUMA, New York",0.507,-2.0228885481,E,1.8475955392,1.1070955483,B,6.6114411421,-1.3697572883,D-,0,0.4991297525,B-,0,-2.2943152758,E,#DIV/0!,#DIV/0!,#DIV/0!,0,0.299550837,B-,#DIV/0!,#DIV/0!
"Erie County (North Central) PUMA, New York",1.279,1.1683175867,B,1.325770377,0.4102123803,B-,6.0256091376,-1.182242053,D,#DIV/0!,#DIV/0!,#DIV/0!,0.3138891231,-1.4958421789,D-,2.0958621536,-0.0570278462,C,0,0.299550837,B-,#DIV/0!,#DIV/0!
"Erie County (Northeast) PUMA, New York",0.875,-0.5044054066,C-,1.5740966653,0.741845316,B-,6.0949935815,-1.2044508777,D,0,0.4991297525,B-,1.0923913043,0.4845164953,B-,#DIV/0!,#DIV/0!,#DIV/0!,0,0.299550837,B-,#DIV/0!,#DIV/0!
"Erie County (Central) PUMA, New York",0.995,-0.0078605241,C,1.0027735417,-0.0211410196,C,0,0.7464568008,B-,0,0.4991297525,B-,1.1489518993,0.6283956873,B-,0,0.4868878528,B-,#DIV/0!,#DIV/0!,#DIV/0!,#DIV/0!,#DIV/0!
"Erie County (West Central)--Buffalo City (East) PUMA, New York",0.347,-2.6851187183,E,0.6526094704,-0.4887755168,C-,11.0764915951,-2.7989468514,E,0,0.4991297525,B-,0.7561682762,-0.3707697276,C-,#DIV/0!,#DIV/0!,#DIV/0!,0,0.299550837,B-,#DIV/0!,#DIV/0!
"Erie County (West Central)--Buffalo City (West) PUMA, New York",0.843,-0.6347315427,C-,0.5609033427,-0.611246531,C-,3.1590249258,-0.264695369,C-,#DIV/0!,#DIV/0!,#DIV/0!,0.2284796904,-1.7131072231,D-,0,0.4868878528,B-,0,0.299550837,B-,#DIV/0!,#DIV/0!
"Erie County (South) PUMA, New York",1.282,1.1783951632,B,0.4240756083,-0.7939762111,D,0,0.7464568008,B-,0,0.4991297525,B-,0.3061735296,-1.5154691533,D-,#DIV/0!,#DIV/0!,#DIV/0!,#DIV/0!,#DIV/0!,#DIV/0!,#DIV/0!,#DIV/0!
"Livingston & Wyoming Counties PUMA, New York",#DIV/0!,#DIV/0!,#DIV/0!,#VALUE!,#VALUE!,#VALUE!,0,0.7464568008,B-,#DIV/0!,#DIV/0!,#DIV/0!,1.1490925798,0.6287535514,B-,#DIV/0!,#DIV/0!,#DIV/0!,#DIV/0!,#DIV/0!,#DIV/0!,#DIV/0!,#DIV/0!
"Ontario & Yates Counties PUMA, New York",1.301,1.2597587819,A-,1.1166905309,0.1309919898,C,0,0.7464568008,B-,0,0.4991297525,B-,0.6715697247,-0.5859720474,C-,0,0.4868878528,B-,0,0.299550837,B-,0.4052577096,B-
"Madison & Cortland Counties PUMA, New York",1.195,0.819547962,B,0.562317965,-0.6093573418,C-,0,0.7464568008,B-,0,0.4991297525,B-,0,-2.2943152758,E,0,0.4868878528,B-,0,0.299550837,B-,-0.0074427732,C
"Fulton & Montgomery Counties PUMA, New York",0.791,-0.8524701501,D,0.0886270256,-1.2419585777,D,0,0.7464568008,B-,0,0.4991297525,B-,0.7519835764,-0.381414793,C-,0,0.4868878528,B-,0,0.299550837,B-,-0.0634026111,C
"Schenectady County--Schenectady City PUMA, New York",0.929,-0.2804502493,C-,1.2132008344,0.2598788488,B-,10.3829091067,-2.5769424499,E,13.2571127503,-2.1999869924,E,0.9033752869,0.0036963785,C,7.7183994643,-1.5161821645,D-,0,0.299550837,B-,-0.8586336845,D
"Saratoga County (South & Central) PUMA, New York",1.240,1.0057551029,B,1.0854798552,0.0893109899,C,0.5856378234,0.5590037196,B-,1.6243081789,0.1684244559,C,0.7906911943,-0.2829501145,C-,0,0.4868878528,B-,5.2165372661,-0.221383777,C,0.2578640328,B-
"Saratoga County (Outer) PUMA, New York",1.280,1.1714458445,B,0.7088436447,-0.413676322,C-,5.7512033288,-1.0944092452,D,11.3481183002,-1.8113202455,E,0.5420248684,-0.9155090558,D,0,0.4868878528,B-,33.3562072978,-3.0314716568,E,-0.801150404,D
"Rensselaer County--Troy City PUMA, New York",0.592,-1.674983842,D-,0.646859365,-0.4964546246,C-,6.9993810346,-1.4939304978,D-,29.8356982823,-5.5753477258,E,0.3427949249,-1.4223114209,D-,1.6522999046,0.0580849107,C,7.3844370467,-0.4378749047,C-,-1.5775454436,D-
"Albany County (East Central)--Albany City PUMA, New York",0.505,-2.0341804254,E,1.1091448296,0.1209149131,C,6.5809233545,-1.359989044,D-,0,0.4991297525,B-,1.2527550384,0.8924507561,B,0,0.4868878528,B-,0,0.299550837,B-,-0.156462194,C
"Albany County (Outside Albany City) PUMA, New York",0.751,-1.0151762228,D,0.798762627,-0.2935919914,C-,1.3676350587,0.3086992048,B-,0,0.4991297525,B-,0.8747779407,-0.0690497279,C,0,0.4868878528,B-,8.8888363452,-0.5881074494,C-,-0.0958869402,C
"Columbia & Greene Counties PUMA, New York",#DIV/0!,#DIV/0!,#DIV/0!,#VALUE!,#VALUE!,#VALUE!,0,0.7464568008,B-,#DIV/0!,#DIV/0!,#DIV/0!,1.2331902718,0.8426817815,B,#DIV/0!,#DIV/0!,#DIV/0!,#DIV/0!,#DIV/0!,#DIV/0!,#DIV/0!,#DIV/0!
"Broome County (West Central)--Greater Binghamton City & Greater Johnson City Village PUMA, New York",0.880,-0.4840496722,C-,0.7210052018,-0.3974348965,C-,2.7572020008,-0.136078428,C,0,0.4991297525,B-,0.4945360669,-1.0363113633,D,3.5673880877,-0.4389165386,C-,10.2805059524,-0.727082565,C-,-0.388677673,C-
"Broome (Outer West) & Tioga Counties PUMA, New York",#DIV/0!,#DIV/0!,#DIV/0!,#VALUE!,#VALUE!,#VALUE!,#DIV/0!,#DIV/0!,#DIV/0!,#DIV/0!,#DIV/0!,#DIV/0!,#DIV/0!,#DIV/0!,#DIV/0!,#DIV/0!,#DIV/0!,#DIV/0!,#DIV/0!,#DIV/0!,#DIV/0!,#DIV/0!,#DIV/0!
"Chenango, Delaware & Broome (East) Counties PUMA; New York",1.207,0.8683956788,B,2.084869345,1.4239681975,A-,0.3742127968,0.6266774099,B-,0,0.4991297525,B-,0.2090312767,-1.7625802183,E,0,0.4868878528,B-,0,0.299550837,B-,0.3488613586,B-
"Tompkins County PUMA, New York",1.340,1.4182101888,A-,0.4423676398,-0.7695477056,D,2.5124867844,-0.0577490928,C,5.7964372008,-0.6810111276,C-,0.5292041389,-0.9481225069,D,5.2603035343,-0.8782599787,D,0,0.299550837,B-,-0.2309899123,C
"Chemung (South) & Steuben (East) Counties--Greater Elmira & Greater Corning Cities PUMA, New York",0.933,-0.2647442631,C-,0.7553291999,-0.3515961401,C-,0.4565676141,0.6003169809,B-,1.4401129747,0.205926163,C,0.940585491,0.0983519263,C,0,0.4868878528,B-,0,0.299550837,B-,0.1535276224,C
"Steuben (North & West), Schuyler & Chemung (North) Counties PUMA; New York",#DIV/0!,#DIV/0!,#DIV/0!,#VALUE!,#VALUE!,#VALUE!,#DIV/0!,#DIV/0!,#DIV/0!,#DIV/0!,#DIV/0!,#DIV/0!,#DIV/0!,#DIV/0!,#DIV/0!,#DIV/0!,#DIV/0!,#DIV/0!,#DIV/0!,#DIV/0!,#DIV/0!,#DIV/0!,#DIV/0!
"Cattaraugus & Allegany Counties PUMA, New York",1.289,1.2068442558,B,0.9245808311,-0.1255652365,C,0,0.7464568008,B-,0,0.4991297525,B-,1.1925053888,0.739187324,B-,#DIV/0!,#DIV/0!,#DIV/0!,0,0.299550837,B-,#DIV/0!,#DIV/0!
"Chautauqua County PUMA, New York",1.158,0.6662603175,B-,0.402498712,-0.8227915634,D,0,0.7464568008,B-,0,0.4991297525,B-,1.1574506554,0.6500148759,B-,#DIV/0!,#DIV/0!,#DIV/0!,0,0.299550837,B-,#DIV/0!,#DIV/0!
"Sullivan & Ulster (West) Counties PUMA, New York",1.133,0.5615904191,B-,0.7681382836,-0.3344899607,C-,0.9940257482,0.4282854296,B-,1.9048199255,0.1113129289,C,1.1974925821,0.7518737771,B,0,0.4868878528,B-,0,0.299550837,B-,0.3292873263,B-
"Ulster County (East) PUMA, New York",0.213,-3.2401993063,E,1.3106877222,0.3900699091,B-,1.8680498846,0.1485246102,C,0,0.4991297525,B-,0.8178339056,-0.2139043174,C,4.0987743331,-0.5768212765,C-,3.0233766234,-0.0023700453,C,-0.4279386677,C-
"Dutchess County (North & East) PUMA, New York",0.792,-0.8454125205,D,0.7760106429,-0.3239766412,C-,5.6138964789,-1.0504595701,D,#DIV/0!,#DIV/0!,#DIV/0!,1.0471069832,0.3693219586,B-,#DIV/0!,#DIV/0!,#DIV/0!,0,0.299550837,B-,#DIV/0!,#DIV/0!
"Dutchess County (Southwest) PUMA, New York",1.214,0.8990956351,B,1.3519387003,0.4451594571,B-,2.0745105321,0.0824399364,C,0,0.4991297525,B-,1.1129363568,0.5367791272,B-,0,0.4868878528,B-,#DIV/0!,#DIV/0!,#DIV/0!,#DIV/0!,#DIV/0!
"Orange County (Northeast)--Greater Newburgh City PUMA, New York",1.140,0.5908282929,B-,0.5822365265,-0.58275665,C-,0,0.7464568008,B-,0,0.4991297525,B-,0.9915199465,0.2279193101,C,0,0.4868878528,B-,0,0.299550837,B-,0.3240023137,B-
"Orange County (Northwest) PUMA, New York",1.185,0.7790511553,B,0.6864058729,-0.4436413497,C-,0,0.7464568008,B-,0,0.4991297525,B-,0.9593309431,0.1460367237,C,0,0.4868878528,B-,0,0.299550837,B-,0.3590673961,B-
"Orange County (Southeast) PUMA, New York",1.079,0.3387055207,B-,2.7466684492,2.3077827196,A,0,0.7464568008,B-,#DIV/0!,#DIV/0!,#DIV/0!,0.9386501745,0.0934288563,C,1.201649067,0.17503729,C,1.8874354396,0.1110674807,C,#DIV/0!,#DIV/0!
"Rockland County (North)--New City & Congers PUMA, New York",0.671,-1.3476256421,D-,1.2268689697,0.2781322679,B-,12.3652696578,-3.2114636136,E,0,0.4991297525,B-,0.7138509865,-0.4784167116,C-,#DIV/0!,#DIV/0!,#DIV/0!,0,0.299550837,B-,#DIV/0!,#DIV/0!
"Rockland County (South)--Orangetown, Clarkstown (South) & Ramapo (Southeast) Towns PUMA; New York",1.218,0.9165940141,B,0.8500207361,-0.2251381949,C,0,0.7464568008,B-,#DIV/0!,#DIV/0!,#DIV/0!,1.2451077859,0.8729976278,B,0,0.4868878528,B-,0,0.299550837,B-,#DIV/0!,#DIV/0!
"Rockland County (West)--Spring Valley, Suffern Villages & Monsey PUMA; New York",1.042,0.1874856762,C,1.0179826707,-0.0008296456,C,9.9059869739,-2.4242874817,E,26.3398897059,-4.8636093825,E,0.8234243784,-0.1996832382,C,1.7846715328,0.0237319803,C,0,0.299550837,B-,-0.9968058935,D
"Putnam County PUMA, New York",0.919,-0.3208879309,C-,0.5606074704,-0.6116416602,C-,#DIV/0!,#DIV/0!,#DIV/0!,#DIV/0!,#DIV/0!,#DIV/0!,0.8543916354,-0.1209085379,C,9.9674805195,-2.099861054,E,1.4922165588,0.1505348869,C,#DIV/0!,#DIV/0!
"Westchester County (Northwest) PUMA, New York",0.963,-0.1412973674,C,0.8772450281,-0.1887809009,C,4.0475875309,-0.5491097142,C-,1.5016994927,0.1933872939,C,0.9122414832,0.0262502637,C,0,0.4868878528,B-,1.9999888342,0.099827657,C,-0.0104049879,C
"Westchester County (Northeast) PUMA, New York",1.301,1.2587334835,A-,0.5734720064,-0.5944614259,C-,3.8665559353,-0.4911644637,C-,#DIV/0!,#DIV/0!,#DIV/0!,0.7542502347,-0.3756488535,C-,0,0.4868878528,B-,1.5811283944,0.1416559601,C,#DIV/0!,#DIV/0!
"Westchester County (Southeast) PUMA, New York",1.274,1.1442503308,B,0.7529823994,-0.3547302276,C-,0,0.7464568008,B-,#DIV/0!,#DIV/0!,#DIV/0!,0.6630160867,-0.6077308447,C-,0,0.4868878528,B-,3.8495475113,-0.0848732444,C,#DIV/0!,#DIV/0!
"Westchester County (Central)--White Plains City PUMA, New York",1.295,1.2312551265,B,1.057847296,0.0524084662,C,0.778113614,0.4973953696,B-,1.1206076582,0.2709766884,B-,0.9233931109,0.0546178432,C,1.5507840772,0.0844301797,C,4.6869239784,-0.1684954567,C,0.2889411738,B-
"Westchester County (Southwest)--Yonkers City PUMA, New York",0.832,-0.680649461,C-,0.9491614349,-0.0927385154,C,1.2432140282,0.3485243401,B-,0,0.4991297525,B-,0.6930484218,-0.5313344047,C-,1.4924980258,0.0995565078,C,1.0967653083,0.190025498,C,-0.0239266118,C
"Westchester County (South Central)--New Rochelle & Mount Vernon Cities PUMA, New York",0.912,-0.3515570546,C-,0.9346114503,-0.1121696201,C,3.0404926827,-0.2267551381,C,0,0.4991297525,B-,0.71658068,-0.4714729004,C-,2.9699272146,-0.2838641903,C-,4.604264052,-0.1602408589,C,-0.1581328586,C
"Nassau County (Northwest)--North Hempstead Town (North) PUMA, New York",1.482,2.0069846114,A,0.7336914608,-0.3804927462,C-,0.513918784,0.5819598102,B-,#DIV/0!,#DIV/0!,#DIV/0!,0.8594089849,-0.108145373,C,#DIV/0!,#DIV/0!,#DIV/0!,0,0.299550837,B-,#DIV/0!,#DIV/0!
"Nassau County (Northeast)--Oyster Bay Town (North) & Glen Cove City PUMA, New York",1.160,0.6729071407,B-,0.587929001,-0.5751545068,C-,1.3712365103,0.3075464391,B-,2.4302622934,0.0043341078,C,0.7807831981,-0.3081541367,C-,0.33750265,0.3992995592,B-,1.167479899,0.1829637871,C,0.0976774843,C
"Nassau County (East Central)--Oyster Bay Town (Central) PUMA, New York",1.129,0.5482427065,B-,0.8806108439,-0.1842859464,C,0.6337527493,0.5436029194,B-,0,0.4991297525,B-,0.9150169367,0.0333104794,C,1.5624401914,0.0814051986,C,1.2095155178,0.17876602,C,0.24288159,C
"Nassau County (West Central)--North Hempstead Town (South) PUMA, New York",1.209,0.8786115641,B,1.2536848092,0.3139440848,B-,0.2431552761,0.668626777,B-,#DIV/0!,#DIV/0!,#DIV/0!,0.8861928832,-0.0400123266,C,0,0.4868878528,B-,0.6277983817,0.2368575424,C,#DIV/0!,#DIV/0!
"Nassau County (West Central)--Hempstead Town (Northwest) PUMA, New York",0.993,-0.0142230103,C,0.886871268,-0.175925322,C,5.6368996243,-1.0578225004,D,0,0.4991297525,B-,0.7644756039,-0.3496374959,C-,0,0.4868878528,B-,1.1749072602,0.1822220749,C,-0.0613383784,C
"Nassau County (Central)--Hempstead Town (North Central)--Meadowbrook Corridor PUMA, New York",1.017,0.0850293757,C,1.0417481262,0.0309084673,C,1.9842750424,0.1113228396,C,5.3782588656,-0.5958710094,C-,0.6355202487,-0.6776749279,C-,0.391652007,0.3852467812,B-,0,0.299550837,B-,-0.0516410909,C
"Nassau County (Central)--Hempstead Town (Northeast) PUMA, New York",1.039,0.17273509,C,1.1959022142,0.2367770167,C,0,0.7464568008,B-,#DIV/0!,#DIV/0!,#DIV/0!,1.1566907669,0.6480818666,B-,#DIV/0!,#DIV/0!,#DIV/0!,1.5784268008,0.141925747,C,#DIV/0!,#DIV/0!
"Nassau County (Southeast)--Oyster Bay Town (South) PUMA, New York",0.961,-0.1480698723,C,0.7758914331,-0.3241358426,C-,4.6298906707,-0.7354954178,C-,#DIV/0!,#DIV/0!,#DIV/0!,1.0819932998,0.458065987,B-,#DIV/0!,#DIV/0!,#DIV/0!,8.729589929,-0.5722047602,C-,#DIV/0!,#DIV/0!
"Nassau County (Central)--Hempstead Town (East Central) PUMA, New York",1.066,0.2879152398,B-,1.3613897298,0.4577810474,B-,2.8080786097,-0.1523631977,C,#DIV/0!,#DIV/0!,#DIV/0!,1.064225898,0.4128691601,B-,#DIV/0!,#DIV/0!,#DIV/0!,0,0.299550837,B-,#DIV/0!,#DIV/0!
"Nassau County (South Central)--Hempstead Town (Southeast) PUMA, New York",0.995,-0.0067228301,C,0.7231052692,-0.3946303142,C-,0,0.7464568008,B-,0,0.4991297525,B-,0.9423057582,0.1027279526,C,0,0.4868878528,B-,#DIV/0!,#DIV/0!,#DIV/0!,#DIV/0!,#DIV/0!
"Nassau County (West Central)--Hempstead Town (West Central) PUMA, New York",1.152,0.6412317321,B-,0.7498093451,-0.3589677545,C-,0,0.7464568008,B-,0,0.4991297525,B-,1.0263134333,0.3164271974,B-,0,0.4868878528,B-,0,0.299550837,B-,0.3758166312,B-
"Nassau County (Southwest)--Hempstead Town (Southwest) & Long Beach City PUMA, New York",1.252,1.0541570705,B,0.8469425266,-0.2292490591,C,0,0.7464568008,B-,#DIV/0!,#DIV/0!,#DIV/0!,0.4071004269,-1.2587306863,D-,0,0.4868878528,B-,0,0.299550837,B-,#DIV/0!,#DIV/0!
"Suffolk County (Northwest)--Huntington Town (North) PUMA, New York",0.662,-1.3837150665,D-,1.5799504464,0.7496628799,B-,15.3397298848,-4.1635396443,E,#DIV/0!,#DIV/0!,#DIV/0!,1.1711381742,0.6848332709,B-,#DIV/0!,#DIV/0!,#DIV/0!,0,0.299550837,B-,#DIV/0!,#DIV/0!
"Suffolk County (Northwest)--Huntington Town (South) PUMA, New York",1.522,2.1694895017,A,0.8711649443,-0.1969006858,C,0,0.7464568008,B-,#DIV/0!,#DIV/0!,#DIV/0!,1.0496004677,0.3756649,B-,#DIV/0!,#DIV/0!,#DIV/0!,0,0.299550837,B-,#DIV/0!,#DIV/0!
"Suffolk County (Northwest)--Smithtown Town PUMA, New York",1.092,0.3956779295,B-,0.7519017642,-0.3561733863,C-,0,0.7464568008,B-,0,0.4991297525,B-,0.7492571806,-0.3883502156,C-,#DIV/0!,#DIV/0!,#DIV/0!,0,0.299550837,B-,#DIV/0!,#DIV/0!
"Suffolk County (North Central)--Brookhaven Town (North) PUMA, New York",0.946,-0.2097733711,C,1.4814131971,0.6180690906,B-,0,0.7464568008,B-,#DIV/0!,#DIV/0!,#DIV/0!,1.0864534437,0.4694117287,B-,#DIV/0!,#DIV/0!,#DIV/0!,#DIV/0!,#DIV/0!,#DIV/0!,#DIV/0!,#DIV/0!
"Suffolk County (East) PUMA, New York",1.153,0.644063278,B-,0.8548619516,-0.2186728847,C,0,0.7464568008,B-,#DIV/0!,#DIV/0!,#DIV/0!,0.9243268023,0.0569929734,C,0,0.4868878528,B-,0,0.299550837,B-,#DIV/0!,#DIV/0!
"Suffolk County (South Central)--Brookhaven Town (South) PUMA, New York",0.906,-0.3771498804,C-,0.3598485474,-0.8797496865,D,2.897673627,-0.1810410962,C,3.6811323097,-0.2503400638,C-,0.9816687824,0.2028598578,C,2.8821917808,-0.261095193,C-,14.077987013,-1.1063071788,D,-0.4075461773,C-
"Suffolk County (Central)--Brookhaven Town (Central) PUMA, New York",1.032,0.1460310618,C,1.1127716294,0.1257584045,C,0.7600268764,0.5031846383,B-,#DIV/0!,#DIV/0!,#DIV/0!,0.857066708,-0.1141036714,C,#DIV/0!,#DIV/0!,#DIV/0!,0.737514173,0.2259010879,C,#DIV/0!,#DIV/0!
"Suffolk County (Central)--Brookhaven Town (West Central) PUMA, New York",1.077,0.3305446709,B-,1.0898024926,0.0950837533,C,1.735522526,0.1909444484,C,#DIV/0!,#DIV/0!,#DIV/0!,0.4824097639,-1.0671583282,D,0,0.4868878528,B-,0,0.299550837,B-,#DIV/0!,#DIV/0!
"Suffolk County (Central)--Islip Town (East) PUMA, New York",0.763,-0.9676459485,D,1.2827562108,0.3527681431,B-,0,0.7464568008,B-,0,0.4991297525,B-,1.045882376,0.366206795,B-,0,0.4868878528,B-,0,0.299550837,B-,0.2547648904,B-
"Suffolk County (Central)--Islip Town (Northwest) PUMA, New York",0.873,-0.5136966819,C-,0.7552441144,-0.3517097695,C-,0.3679942923,0.6286678514,B-,1.4228825754,0.2094342315,C,1.2323627038,0.8405766088,B,#DIV/0!,#DIV/0!,#DIV/0!,#DIV/0!,#DIV/0!,#DIV/0!,#DIV/0!,#DIV/0!
"Suffolk County (Southwest)--Islip Town (South) PUMA, New York",0.855,-0.5878442852,C-,0.6600538158,-0.4788337981,C-,1.3338774485,0.3195044633,B-,#DIV/0!,#DIV/0!,#DIV/0!,0.7460196756,-0.3965858009,C-,#DIV/0!,#DIV/0!,#DIV/0!,#DIV/0!,#DIV/0!,#DIV/0!,#DIV/0!,#DIV/0!
"Suffolk County (Southwest)--Babylon Town (Southeast) PUMA, New York",1.232,0.9734750746,B,0.6257341899,-0.5246667156,C-,9.8358753534,-2.4018458996,E,#DIV/0!,#DIV/0!,#DIV/0!,1.0794228716,0.4515273158,B-,0,0.4868878528,B-,1.2389204819,0.1758295771,C,#DIV/0!,#DIV/0!
"Suffolk County (West Central)--Babylon Town (Northwest) PUMA, New York",1.190,0.7990300311,B,0.8679433063,-0.2012030948,C,0,0.7464568008,B-,#DIV/0!,#DIV/0!,#DIV/0!,0.7263772854,-0.4465522347,C-,0,0.4868878528,B-,0,0.299550837,B-,#DIV/0!,#DIV/0!
"NYC-Bronx Community District 8--Riverdale, Fieldston & Kingsbridge PUMA; New York",1.113,0.4785400149,B-,0.8504350149,-0.224584937,C,0,0.7464568008,B-,#DIV/0!,#DIV/0!,#DIV/0!,0.6410586117,-0.6635864056,C-,0,0.4868878528,B-,0,0.299550837,B-,#DIV/0!,#DIV/0!
"NYC-Bronx Community District 12--Wakefield, Williamsbridge & Woodlawn PUMA; New York",0.805,-0.7919700723,D,0.6069215874,-0.5497904293,C-,6.1744143353,-1.229872161,D,10.1440118898,-1.5661670333,D-,0.9565122091,0.1388664106,C,3.7283156531,-0.4806802724,C-,2.5135252252,0.0485448102,C,-0.6330098211,C-
"NYC-Bronx Community District 10--Co-op City, Pelham Bay & Schuylerville PUMA; New York",0.814,-0.7548756638,D,0.7233903624,-0.3942495801,C-,0.2193590756,0.6762435513,B-,0.4603442493,0.4054047541,B-,1.0905708409,0.4798855892,B-,0,0.4868878528,B-,0.6163411458,0.2380016866,C,0.16247117,C
"NYC-Bronx Community District 11--Pelham Parkway, Morris Park & Laconia PUMA; New York",1.044,0.1933488345,C,1.0854883306,0.0893223086,C,1.4063421228,0.2963097072,B-,0,0.4991297525,B-,0.9359313162,0.0865126077,C,0.9298164858,0.245582964,C,44.3379888268,-4.1281359439,E,-0.3882756813,C-
"NYC-Bronx Community District 3 & 6--Belmont, Crotona Park East & East Tremont PUMA; New York",1.072,0.3109981606,B-,0.8113101,-0.2768351859,C-,1.0851753268,0.3991099415,B-,2.5515451757,-0.0203587997,C,1.172126587,0.6873476015,B-,1.1736762631,0.1822967594,C,0,0.299550837,B-,0.2260156164,C
"NYC-Bronx Community District 7--Bedford Park, Fordham North & Norwood PUMA; New York",0.949,-0.1967677254,C,0.8846428571,-0.1789013034,C,1.1148511512,0.3896111959,B-,0,0.4991297525,B-,0.6329481693,-0.6842177993,C-,0,0.4868878528,B-,2.9362033348,0.0063352665,C,0.0460110342,C
"NYC-Bronx Community District 5--Morris Heights, Fordham South & Mount Hope PUMA; New York",0.821,-0.7266273459,C-,0.5821047683,-0.5829326095,C-,2.4690054339,-0.0438314243,C,14.683046683,-2.4903037625,E,0,-2.2943152758,E,0.9889726088,0.2302308361,C,0,0.299550837,B-,-0.801175535,D
"NYC-Bronx Community District 4--Concourse, Highbridge & Mount Eden PUMA; New York",1.220,0.9226644637,B,0.786248755,-0.3103039237,C-,2.6024925407,-0.0865584622,C,7.4048020962,-1.0084704095,D,0.0882949751,-2.0697099707,E,1.7770346366,0.0257138987,C,#DIV/0!,#DIV/0!,#DIV/0!,#DIV/0!,#DIV/0!
"NYC-Bronx Community District 9--Castle Hill, Clason Point & Parkchester PUMA; New York",0.874,-0.5072843238,C-,0.8622140009,-0.2088544248,C,0.7381253647,0.5101949536,B-,2.5698947706,-0.0240947337,C,1.3474133619,1.1332431861,B,5.5417507093,-0.9513008209,D,0,0.299550837,B-,0.0359220962,C
"NYC-Bronx Community District 1 & 2--Hunts Point, Longwood & Melrose PUMA; New York",0.995,-0.0056145343,C,0.9478635657,-0.094471784,C,0.3117316738,0.6466765946,B-,0,0.4991297525,B-,0.38624632,-1.3117794928,D-,0.4213089311,0.3775502509,B-,0,0.299550837,B-,0.058720232,C
"NYC-Manhattan Community District 12--Washington Heights, Inwood & Marble Hill PUMA; New York",0.844,-0.6298845436,C-,0.6311328586,-0.5174569418,C-,0.7810424802,0.4964578875,B-,0.801154877,0.3360165178,B-,0.0753538302,-2.1026297353,E,1.4045681148,0.1223759756,C,2.6047067405,0.0394392283,C,-0.3222402302,C-
"NYC-Manhattan Community District 9--Hamilton Heights, Manhattanville & West Harlem PUMA; New York",1.273,1.143628647,B,0.8877550584,-0.1747450441,C,0.8206228657,0.483788854,B-,#DIV/0!,#DIV/0!,#DIV/0!,1.2640450363,0.9211703225,B,2.0167276045,-0.0364909405,C,1.3519075048,0.1645464504,C,#DIV/0!,#DIV/0!
"NYC-Manhattan Community District 10--Central Harlem PUMA, New York",0.861,-0.5631904256,C-,0.9423103484,-0.1018879532,C,0.9526290958,0.4415358205,B-,0,0.4991297525,B-,1.773972316,2.2183264976,A,1.1479035435,0.1889852655,C,0.4343220512,0.2561785043,B-,0.4198682088,B-
"NYC-Manhattan Community District 11--East Harlem PUMA, New York",0.856,-0.5820759143,C-,1.4784170211,0.6140677799,B-,1.0997743809,0.3944370233,B-,0,0.4991297525,B-,0.4165259554,-1.2347539686,D,1.62151749,0.066073527,C,0,0.299550837,B-,0.008061291,C
"NYC-Manhattan Community District 8--Upper East Side PUMA, New York",0.885,-0.4639063907,C-,0.8289180761,-0.2533202176,C-,2.4250600198,-0.0297652166,C,7.0749244668,-0.9413081058,D,0.7684778431,-0.3394565751,C-,2.3870850041,-0.1326056604,C,0,0.299550837,B-,-0.2658301899,C-
"NYC-Manhattan Community District 7--Upper West Side & West Side PUMA, New York",1.048,0.2125773781,C,0.8427348129,-0.2348683452,C,0.4368929479,0.6066145195,B-,#DIV/0!,#DIV/0!,#DIV/0!,0.3633209053,-1.3700973049,D-,0.2248922872,0.428524069,B-,0.6076926785,0.2388653411,C,#DIV/0!,#DIV/0!
"NYC-Manhattan Community District 4 & 5--Chelsea, Clinton & Midtown Business District PUMA; New York",0.875,-0.5030643742,C-,0.9559236138,-0.0837078113,C,7.5472231765,-1.6692858,D-,2.2048843952,0.0502205139,C,1.2404987204,0.8612730582,B,2.7627367696,-0.230094368,C,2.990548448,0.0009082468,C,-0.2248215049,C
"NYC-Manhattan Community District 6--Murray Hill, Gramercy & Stuyvesant Town PUMA; New York",0.937,-0.2460415489,C,0.9653033544,-0.0711814253,C,0.9889710036,0.4299033707,B-,0,0.4991297525,B-,1.1157595929,0.5439608926,B-,0.8794411527,0.2586563117,B-,0,0.299550837,B-,0.2448540272,C
"NYC-Manhattan Community District 3--Chinatown & Lower East Side PUMA, New York",0.919,-0.3213606421,C-,1.906477568,1.1857308802,B,0.8968094209,0.4594027847,B-,5.1578762234,-0.5510016256,C-,1.6276129066,1.8460165246,A,0.701217129,0.3049088022,B-,0,0.299550837,B-,0.4604639373,B-
"NYC-Manhattan Community District 1 & 2--Battery Park City, Greenwich Village & Soho PUMA; New York",1.074,0.320585019,B-,0.8789504149,-0.1865034037,C,2.6374475189,-0.0977469785,C,#DIV/0!,#DIV/0!,#DIV/0!,0.528926296,-0.9488292854,D,3.2350263588,-0.3526624107,C-,0,0.299550837,B-,#DIV/0!,#DIV/0!
"NYC-Staten Island Community District 3--Tottenville, Great Kills & Annadale PUMA; New York",1.024,0.1141770049,C,1.0181083964,-0.0006617424,C,2.9913607587,-0.2110288135,C,8.7653031925,-1.2854652092,D-,1.0639690826,0.4122158715,B-,#DIV/0!,#DIV/0!,#DIV/0!,0,0.299550837,B-,#DIV/0!,#DIV/0!
"NYC-Staten Island Community District 2--New Springville & South Beach PUMA, New York",0.908,-0.367702634,C-,0.829270055,-0.2528501595,C-,4.5733628021,-0.7174017723,C-,3.0961800213,-0.1312451638,C,0.9631719952,0.1558076157,C,7.0096670247,-1.3322527492,D-,0,0.299550837,B-,-0.3351562894,C-
"NYC-Staten Island Community District 1--Port Richmond, Stapleton & Mariner's Harbor PUMA; New York",0.976,-0.0857008927,C,1.0486337147,0.0401039815,C,2.3322376086,-5.42821092690338E-05,C,6.2148842612,-0.7662059577,D,0.9389499624,0.0941914585,C,0,0.4868878528,B-,0,0.299550837,B-,0.0098247139,C
"NYC-Brooklyn Community District 1--Greenpoint & Williamsburg PUMA, New York",0.824,-0.7155055257,C-,1.0865819561,0.0907828154,C,2.1194976409,0.0680402993,C,0,0.4991297525,B-,1.911370663,2.5678412643,A,0.8525180683,0.2656433591,B-,17.4745141419,-1.4454916721,D-,0.190062899,C
"NYC-Brooklyn Community District 4--Bushwick PUMA, New York",0.692,-1.2608437176,D-,0.6190184467,-0.5336354062,C-,2.1406443352,0.0612715886,C,0,0.4991297525,B-,0.7627310288,-0.3540753569,C-,3.0584682583,-0.3068422586,C-,0,0.299550837,B-,-0.2279206516,C
"NYC-Brooklyn Community District 3--Bedford-Stuyvesant PUMA, New York",0.451,-2.2548021635,E,0.7489076955,-0.3601718828,C-,4.9116410742,-0.82567911,D,10.9008750163,-1.7202625725,D-,0.9164581736,0.0369767068,C,4.9061876248,-0.7863602313,D,0,0.299550837,B-,-0.801535488,D
"NYC-Brooklyn Community District 2--Brooklyn Heights & Fort Greene PUMA, New York",0.938,-0.2419220621,C,1.1566273906,0.1843265688,C,1.9969877956,0.1072536954,C,0.6060972419,0.3757297901,B-,1.2970202282,1.0050528201,B,1.7581395814,0.0306175214,C,1.4315959083,0.1565885953,C,0.2310924184,C
"NYC-Brooklyn Community District 6--Park Slope, Carroll Gardens & Red Hook PUMA; New York",1.023,0.1100803851,C,0.9011091313,-0.1569110467,C,1.6218509156,0.2273288702,C,0,0.4991297525,B-,0.9880461637,0.2190826798,C,1.2276848303,0.1682805191,C,2.990097757,0.0009532537,C,0.1525634877,C
"NYC-Brooklyn Community District 8--Crown Heights North & Prospect Heights PUMA, New York",1.049,0.2154408769,C,0.9512728116,-0.0899188298,C,3.3105161319,-0.3131852243,C-,4.7897311828,-0.4760481676,C-,0.3735559474,-1.3440613413,D-,1.0165851419,0.2230648637,C,2.849833791,0.0149603146,C,-0.2528210725,C-
"NYC-Brooklyn Community District 16--Brownsville & Ocean Hill PUMA, New York",0.981,-0.0665913798,C,1.2306414038,0.28317025,B-,0.5169552136,0.5809878988,B-,0,0.4991297525,B-,2.4758562326,4.0037831551,A,3.34944425,-0.3823560082,C-,0,0.299550837,B-,0.7453820722,B-
"NYC-Brooklyn Community District 5--East New York & Starrett City PUMA, New York",0.904,-0.3818577069,C-,0.9406849498,-0.1040586284,C,0.6518480702,0.5378109034,B-,0,0.4991297525,B-,0.8768342134,-0.0638189688,C,0.7302367437,0.2973776657,B-,0.7015597148,0.2294915773,C,0.1448677993,C
"NYC-Brooklyn Community District 18--Canarsie & Flatlands PUMA, New York",1.127,0.5388036234,B-,1.0099452264,-0.0115634317,C,1.9364518503,0.1266302606,C,7.1383076181,-0.9542127652,D,0.9754341438,0.1870001455,C,0.5047907714,0.3558851412,B-,0.4791398121,0.2517029064,B-,0.0706065543,C
"NYC-Brooklyn Community District 17--East Flatbush, Farragut & Rugby PUMA; New York",1.006,0.0378711838,C,0.9431512715,-0.1007649234,C,0.5197851364,0.5800820868,B-,0.8967135054,0.3165610075,B-,0.5379218409,-0.9259463626,D,0.3936028872,0.3847404911,B-,0.530032295,0.2466206738,C,0.077023451,C
"NYC-Brooklyn Community District 9--Crown Heights South, Prospect Lefferts & Wingate PUMA; New York",1.056,0.2466817267,C,1.5699444361,0.7363001281,B-,1.4029489205,0.2973958157,B-,0,0.4991297525,B-,2.2909617602,3.5334474501,A,1.0916002005,0.2035970433,C,0,0.299550837,B-,0.8308718219,B
"NYC-Brooklyn Community District 7--Sunset Park & Windsor Terrace PUMA, New York",0.971,-0.1070938753,C,1.3637174589,0.4608896656,B-,1.2658481946,0.3412795139,B-,0,0.4991297525,B-,1.3688269967,1.187715323,B,0.8027870573,0.278549493,B-,3.7250664218,-0.0724422955,C,0.3697182253,B-
"NYC-Brooklyn Community District 10--Bay Ridge & Dyker Heights PUMA, New York",1.047,0.2074401796,C,0.7590518632,-0.3466246255,C-,2.2833618385,0.0155900519,C,3.2846946375,-0.169626293,C,1.0049893866,0.2621829551,B-,2.1488888253,-0.0707892662,C,0.6974084228,0.2299061342,C,0.0182970195,C
"NYC-Brooklyn Community District 12--Borough Park, Kensington & Ocean Parkway PUMA; New York",1.480,1.9965708105,A,0.669662216,-0.4660020436,C-,3.7614455905,-0.4575203629,C-,10.0285382567,-1.5426568752,D-,0.8268738185,-0.1909085308,C,1.885782798,-0.0025082971,C,0,0.299550837,B-,-0.0519249232,C
"NYC-Brooklyn Community District 14--Flatbush & Midwood PUMA, New York",1.001,0.0188432501,C,1.0477022885,0.0388600875,C,1.3259654264,0.3220369721,B-,0.7930547541,0.3376656836,B-,0.5582373413,-0.8742676666,D,1.1828977074,0.1799036209,C,1.6099067575,0.1387820909,C,0.0231177198,C
"NYC-Brooklyn Community District 15--Sheepshead Bay, Gerritsen Beach & Homecrest PUMA; New York",1.104,0.4413461982,B-,0.9049345215,-0.1518023432,C,1.3281016926,0.3213531882,B-,#DIV/0!,#DIV/0!,#DIV/0!,0.7739780032,-0.3254652338,C-,1.1266171538,0.1945094845,C,#DIV/0!,#DIV/0!,#DIV/0!,#DIV/0!,#DIV/0!
"NYC-Brooklyn Community District 11--Bensonhurst & Bath Beach PUMA, New York",1.194,0.8173361404,B,1.1613448969,0.1906266688,C,0.8346187343,0.4793090055,B-,0.7835388887,0.3396030913,B-,0.889439625,-0.0317532445,C,0.5312416337,0.3490206443,B-,0.0453101968,0.2950260635,B-,0.3484526242,B-
"NYC-Brooklyn Community District 13--Brighton Beach & Coney Island PUMA, New York",1.196,0.8247764018,B,1.5299013464,0.6828236819,B-,0.1211544807,0.7076772346,B-,0,0.4991297525,B-,1.2745269899,0.9478343812,B,0.2208932324,0.4295618991,B-,#DIV/0!,#DIV/0!,#DIV/0!,#DIV/0!,#DIV/0!
"NYC-Queens Community District 1--Astoria & Long Island City PUMA, New York",1.050,0.2217086128,C,1.0359445035,0.0231578886,C,1.872909795,0.1469690324,C,2.4035698991,0.009768616,C,1.1643359083,0.6675296249,B-,2.5583716286,-0.1770577652,C,3.6761317628,-0.0675555754,C,0.1177886335,C
"NYC-Queens Community District 3--Jackson Heights & North Corona PUMA, New York",1.061,0.2670505137,B-,0.993949733,-0.0329249738,C,1.3293043784,0.3209682282,B-,7.3608247423,-0.9995167245,D,0.9688146249,0.1701613721,C,1.7408452951,0.0351057144,C,2.256684492,0.0741934774,C,-0.0235660561,C
"NYC-Queens Community District 7--Flushing, Murray Hill & Whitestone PUMA; New York",0.986,-0.043465256,C,0.690511549,-0.4381583321,C-,2.5949680398,-0.0841499926,C,#DIV/0!,#DIV/0!,#DIV/0!,0.880991827,-0.0532428056,C,3.3662900188,-0.3867278025,C-,1.3885100097,0.1608912456,C,#DIV/0!,#DIV/0!
"NYC-Queens Community District 11--Bayside, Douglaston & Little Neck PUMA; New York",0.977,-0.0817689841,C,0.7622780393,-0.342316156,C-,9.2942404393,-2.2284774295,E,3.3352537115,-0.1799200007,C,0.9489022094,0.1195080463,C,#DIV/0!,#DIV/0!,#DIV/0!,0,0.299550837,B-,#DIV/0!,#DIV/0!
"NYC-Queens Community District 13--Queens Village, Cambria Heights & Rosedale PUMA; New York",1.061,0.2642112097,B-,1.0305029984,0.015890908,C,1.007564139,0.4239520123,B-,0.5736065813,0.3823448117,B-,1.0748044449,0.4397789332,B-,0,0.4868878528,B-,0.210720463,0.2785078391,B-,0.3273676524,B-
"NYC-Queens Community District 8--Briarwood, Fresh Meadows & Hillcrest PUMA; New York",1.021,0.1017788366,C,0.8645640348,-0.2057160191,C,9.9376737766,-2.4344299086,E,8.7000317269,-1.2721760934,D-,1.1003784045,0.5048341303,B-,7.6490729825,-1.4981906369,D-,4.6864686469,-0.1684499863,C,-0.7103356682,C-
"NYC-Queens Community District 4--Elmhurst & South Corona PUMA, New York",0.860,-0.5665815434,C-,1.0076227101,-0.0146650884,C,3.1765694835,-0.2703110947,C-,#DIV/0!,#DIV/0!,#DIV/0!,0.9471046124,0.1149353077,C,7.114888848,-1.359559794,D-,#DIV/0!,#DIV/0!,#DIV/0!,#DIV/0!,#DIV/0!
"NYC-Queens Community District 6--Forest Hills & Rego Park PUMA, New York",0.946,-0.2102283051,C,0.9155034183,-0.1376878719,C,1.082316291,0.4000250721,B-,0,0.4991297525,B-,1.299533226,1.0114453997,B,1.0409934543,0.216730447,C,3.2260270864,-0.0226071558,C,0.2509724769,B-
"NYC-Queens Community District 2--Sunnyside & Woodside PUMA, New York",0.908,-0.3688361321,C-,0.9825046333,-0.0482095899,C,1.1744824895,0.3705241806,B-,0,0.4991297525,B-,1.2965520763,1.0038619325,B,2.3786347576,-0.1304126623,C,81.7466129623,-7.8638414859,E,-0.9339691435,D
"NYC-Queens Community District 5--Ridgewood, Glendale & Middle Village PUMA; New York",1.068,0.2963740536,B-,0.8817484562,-0.1827666964,C,0.8328796631,0.4798656537,B-,0.9099901348,0.3138579172,B-,1.1419245539,0.6105194825,B-,3.5195509538,-0.4265019014,C-,1.8214262322,0.1176593019,C,0.1727154016,C
"NYC-Queens Community District 9--Richmond Hill & Woodhaven PUMA, New York",0.776,-0.9140750124,D,0.7791950582,-0.319723942,C-,4.6746446218,-0.749820425,C-,#DIV/0!,#DIV/0!,#DIV/0!,1.0799441961,0.4528534642,B-,4.3597926567,-0.6445604471,C-,7.5458692776,-0.4539958739,C-,#DIV/0!,#DIV/0!
"NYC-Queens Community District 12--Jamaica, Hollis & St. Albans PUMA; New York",0.990,-0.0290352774,C,0.9112342456,-0.1433892347,C,1.1929373171,0.3646170924,B-,0,0.4991297525,B-,0.7167375189,-0.4710739326,C-,1.7261253295,0.0389258227,C,0.4641102973,0.2532037861,B-,0.0731968584,C
"NYC-Queens Community District 10--Howard Beach & Ozone Park PUMA, New York",0.990,-0.0280025165,C,0.9429251791,-0.1010668636,C,3.0697028157,-0.2361048236,C,3.5392813336,-0.2214595411,C,0.9339042456,0.0813561329,C,#DIV/0!,#DIV/0!,#DIV/0!,1.5460374108,0.145160221,C,#DIV/0!,#DIV/0!
"NYC-Queens Community District 14--Far Rockaway, Breezy Point & Broad Channel PUMA; New York",1.074,0.3200586107,B-,0.839956195,-0.238579113,C,0,0.7464568008,B-,0,0.4991297525,B-,1.1993246604,0.7565342294,B,1.5930421938,0.0734634027,C,0,0.299550837,B-,0.3509449314,B-
