Regions,Disparity Ratio_Full Time,Score_Full Time,Grades_Full Time,Disparity Ratio_Income,Score_Income,Grades_Income,Disparity Ratio_Poverty,Score_Poverty,Grades_Poverty,Disparity Ratio_Working Poor,Score_Working Poor,Grades_Working Poor,Disparity Ratio_Homeownership,Score_Homeownership,Grades_Homeownership,Disparity Ratio_Rent Burden,Score_Rent Burden,Grades_Rent Burden,Disparity Ratio_Unemployment,Score_Unemployment,Grades_Unemployment,Score_Overall,Grades_Overall
Capital Region,0.786,-0.377,C-,1.031,0.457,B-,4.423,-0.937,D,4.541,-2.162,E,1.495,0.037,C,0.786,-0.156,C,7.313,-2.575,E,-0.816,D
Central NY,1.094,0.741,B-,0.968,0.272,B-,2.861,-0.164,C,0.000,0.798,B,1.973,1.000,B,0.394,-0.395,C-,0.000,0.631,B-,0.412,B-
Finger Lakes,1.056,0.600,B-,1.139,0.783,B,1.496,0.511,B-,0.521,0.458,B-,1.275,-0.405,C-,0.629,-0.252,C-,2.035,-0.261,C-,0.205,C
Long Island,1.141,0.912,B,0.840,-0.112,C,0.747,0.882,B,1.528,-0.198,C,1.156,-0.643,C-,5.068,2.456,A,1.050,0.171,C,0.495,B-
Mid-Hudson,1.030,0.508,B-,0.874,-0.012,C,2.583,-0.026,C,2.156,-0.608,C-,1.171,-0.613,C-,0.471,-0.348,C-,2.648,-0.530,C-,-0.233,C
Mohawk Valley,0.351,-1.958,E,0.226,-1.949,E,0.000,1.251,A-,0.000,0.798,B,1.655,0.360,B-,#DIV/0!,#DIV/0!,#DIV/0!,0.000,0.631,B-,#DIV/0!,#DIV/0!
New York City,1.005,0.418,B-,0.735,-0.425,C-,1.956,0.284,B-,2.793,-1.023,D,0.952,-1.053,D,0.583,-0.279,C-,1.345,0.041,C,-0.291,C-
North Country,0.476,-1.504,D-,0.763,-0.343,C-,1.993,0.266,B-,0.000,0.798,B,0.821,-1.318,D-,#DIV/0!,#DIV/0!,#DIV/0!,0.000,0.631,B-,#DIV/0!,#DIV/0!
Southern Tier,1.100,0.760,B,0.683,-0.584,C-,2.062,0.231,C,0.700,0.341,B-,1.859,0.770,B,0.244,-0.486,C-,0.000,0.631,B-,0.238,C
Western NY,0.863,-0.100,C,1.517,1.912,A,7.177,-2.299,E,0.000,0.798,B,2.403,1.865,A,0.156,-0.540,C-,0.000,0.631,B-,0.324,B-
"St. Lawrence County PUMA, New York",1.423,1.3864684243,A-,0.6804390275,-0.5352781432,C-,0,0.3561256378,B-,0,0.3451786222,B-,1.1759656652,0.6092236468,B-,#DIV/0!,#DIV/0!,#DIV/0!,#DIV/0!,#DIV/0!,#DIV/0!,#DIV/0!,#DIV/0!
"Clinton, Franklin, Essex & Hamilton Counties PUMA; New York",0.434,-1.935355307,E,0.7892297843,-0.3287783709,C-,0,0.3561256378,B-,0,0.3451786222,B-,1.1753755414,0.6079889663,B-,#DIV/0!,#DIV/0!,#DIV/0!,0,0.2957885899,B-,#DIV/0!,#DIV/0!
"Warren & Washington Counties PUMA, New York",#DIV/0!,#DIV/0!,#DIV/0!,#DIV/0!,#DIV/0!,#DIV/0!,#DIV/0!,#DIV/0!,#DIV/0!,#DIV/0!,#DIV/0!,#DIV/0!,#DIV/0!,#DIV/0!,#DIV/0!,#DIV/0!,#DIV/0!,#DIV/0!,#DIV/0!,#DIV/0!,#DIV/0!,#DIV/0!,#DIV/0!
"Herkimer (North & Central) & Oneida (Outer) Counties PUMA, New York",#DIV/0!,#DIV/0!,#DIV/0!,#DIV/0!,#DIV/0!,#DIV/0!,#DIV/0!,#DIV/0!,#DIV/0!,#DIV/0!,#DIV/0!,#DIV/0!,#DIV/0!,#DIV/0!,#DIV/0!,#DIV/0!,#DIV/0!,#DIV/0!,#DIV/0!,#DIV/0!,#DIV/0!,#DIV/0!,#DIV/0!
"Oneida County (Central)--Greater Utica & Rome Cities PUMA, New York",0.000,-3.394701945,E,#DIV/0!,#DIV/0!,#DIV/0!,0,0.3561256378,B-,#DIV/0!,#DIV/0!,#DIV/0!,0.5191491751,-0.7649939091,D,#DIV/0!,#DIV/0!,#DIV/0!,0,0.2957885899,B-,#DIV/0!,#DIV/0!
"Otsego, Schoharie, Oneida (South) & Herkimer (South) Counties PUMA; New York",0.425,-1.9673180302,E,0.8581263143,-0.198003311,C,0,0.3561256378,B-,0,0.3451786222,B-,0.7006219285,-0.3853094044,C-,0,0.5949986441,B-,0,0.2957885899,B-,-0.1369341788,C
"Jefferson & Lewis Counties PUMA, New York",#DIV/0!,#DIV/0!,#DIV/0!,#DIV/0!,#DIV/0!,#DIV/0!,9.9115549215,-0.6371763191,C-,#DIV/0!,#DIV/0!,#DIV/0!,#DIV/0!,#DIV/0!,#DIV/0!,#DIV/0!,#DIV/0!,#DIV/0!,#DIV/0!,#DIV/0!,#DIV/0!,#DIV/0!,#DIV/0!
"Oswego County PUMA, New York",#DIV/0!,#DIV/0!,#DIV/0!,#DIV/0!,#DIV/0!,#DIV/0!,#DIV/0!,#DIV/0!,#DIV/0!,#DIV/0!,#DIV/0!,#DIV/0!,#DIV/0!,#DIV/0!,#DIV/0!,#DIV/0!,#DIV/0!,#DIV/0!,#DIV/0!,#DIV/0!,#DIV/0!,#DIV/0!,#DIV/0!
"Onondaga County (Central)--Syracuse City PUMA, New York",0.846,-0.5530451045,C-,0.9385256975,-0.0453942585,C,2.7531896081,0.0802104412,C,0,0.3451786222,B-,0.2068086214,-1.4184852247,D-,6.5755123255,-1.4593681712,D-,0,0.2957885899,B-,-0.3935878722,C-
"Onondaga County (North) PUMA, New York",1.262,0.8456088152,B,0.9496847969,-0.0242127578,C,0,0.3561256378,B-,0,0.3451786222,B-,1.1986232371,0.6566287188,B-,#DIV/0!,#DIV/0!,#DIV/0!,0,0.2957885899,B-,#DIV/0!,#DIV/0!
"Onondaga County (Central)--Syracuse City (Outer) PUMA, New York",1.311,1.01229385,B,0.9817536288,0.036658282,C,5.3148287139,-0.1765082227,C,0,0.3451786222,B-,0.3600143862,-1.0979420367,D,4.362720403,-0.7680324897,D,#DIV/0!,#DIV/0!,#DIV/0!,#DIV/0!,#DIV/0!
"Cayuga & Onondaga (South) Counties PUMA, New York",#DIV/0!,#DIV/0!,#DIV/0!,#DIV/0!,#DIV/0!,#DIV/0!,0,0.3561256378,B-,#DIV/0!,#DIV/0!,#DIV/0!,1.1330550483,0.5194443491,B-,#DIV/0!,#DIV/0!,#DIV/0!,#DIV/0!,#DIV/0!,#DIV/0!,#DIV/0!,#DIV/0!
"Wayne & Seneca Counties PUMA, New York",1.206,0.6581586687,B-,4.0878600878,5.9324742056,A,0,0.3561256378,B-,0,0.3451786222,B-,1.1420036126,0.538166891,B-,#DIV/0!,#DIV/0!,#DIV/0!,0,0.2957885899,B-,#DIV/0!,#DIV/0!
"Monroe County (East) PUMA, New York",1.205,0.6564353602,B-,1.4871870282,0.9960401716,B,0,0.3561256378,B-,0,0.3451786222,B-,0.177975199,-1.4788116565,D-,0,0.5949986441,B-,0,0.2957885899,B-,0.2522507671,B-
"Monroe County (Central)--Rochester City (East) PUMA, New York",0.894,-0.389179944,C-,0.6174651892,-0.6548111224,C-,2.89311146,0.0661879542,C,3.2422439865,-0.2506250016,C-,1.5973080722,1.4907729704,A-,8.5687830688,-2.082119535,E,#DIV/0!,#DIV/0!,#DIV/0!,#DIV/0!,#DIV/0!
"Monroe County (Central)--Rochester City (West) PUMA, New York",0.678,-1.1167192911,D,0.8371893256,-0.2377445861,C,3.670147459,-0.011683922,C,#DIV/0!,#DIV/0!,#DIV/0!,0.6866161036,-0.4146129478,C-,16.8684210526,-4.6751495544,E,0,0.2957885899,B-,#DIV/0!,#DIV/0!
"Monroe County (Central)--Greece & Gates Towns PUMA, New York",0.000,-3.394701945,E,#DIV/0!,#DIV/0!,#DIV/0!,18.9245283019,-1.5404255234,D-,#DIV/0!,#DIV/0!,#DIV/0!,0,-1.8511784388,E,#DIV/0!,#DIV/0!,#DIV/0!,#DIV/0!,#DIV/0!,#DIV/0!,#DIV/0!,#DIV/0!
"Monroe County (North & West) PUMA, New York",1.176,0.5565473813,B-,1.7697872452,1.5324541297,A-,0,0.3561256378,B-,0,0.3451786222,B-,1.1668917398,0.5902388195,B-,#DIV/0!,#DIV/0!,#DIV/0!,0,0.2957885899,B-,#DIV/0!,#DIV/0!
"Monroe County (South) PUMA, New York",1.153,0.4789482903,B-,0.8013134445,-0.3058419272,C-,0,0.3561256378,B-,0,0.3451786222,B-,0.9054281141,0.0431942339,C,0,0.5949986441,B-,0,0.2957885899,B-,0.2583417273,B-
"Genesee & Orleans Counties PUMA, New York",#DIV/0!,#DIV/0!,#DIV/0!,#DIV/0!,#DIV/0!,#DIV/0!,#DIV/0!,#DIV/0!,#DIV/0!,#DIV/0!,#DIV/0!,#DIV/0!,#DIV/0!,#DIV/0!,#DIV/0!,#DIV/0!,#DIV/0!,#DIV/0!,#DIV/0!,#DIV/0!,#DIV/0!,#DIV/0!,#DIV/0!
"Niagara County (Southwest)--Greater Niagara Falls & North Tonawanda Area PUMA, New York",1.367,1.1999838973,B,0.3003374379,-1.2567630743,D-,0,0.3561256378,B-,0,0.3451786222,B-,1.361346573,0.9970849472,B,#DIV/0!,#DIV/0!,#DIV/0!,0,0.2957885899,B-,#DIV/0!,#DIV/0!
"Niagara County (North & East) PUMA, New York",#DIV/0!,#DIV/0!,#DIV/0!,#DIV/0!,#DIV/0!,#DIV/0!,#DIV/0!,#DIV/0!,#DIV/0!,#DIV/0!,#DIV/0!,#DIV/0!,#DIV/0!,#DIV/0!,#DIV/0!,#DIV/0!,#DIV/0!,#DIV/0!,#DIV/0!,#DIV/0!,#DIV/0!,#DIV/0!,#DIV/0!
"Erie County (Northwest) PUMA, New York",0.501,-1.7094220291,D-,1.849512561,1.6837837098,A-,6.489548332,-0.294234584,C-,0,0.3451786222,B-,0,-1.8511784388,E,#DIV/0!,#DIV/0!,#DIV/0!,0,0.2957885899,B-,#DIV/0!,#DIV/0!
"Erie County (North Central) PUMA, New York",1.289,0.9382235166,B,1.7170698678,1.4323893195,A-,7.903186586,-0.4359045496,C-,#DIV/0!,#DIV/0!,#DIV/0!,0.3109229707,-1.2006530466,D,3.0164252454,-0.3474136909,C-,0,0.2957885899,B-,#DIV/0!,#DIV/0!
"Erie County (Northeast) PUMA, New York",1.288,0.9324495975,B,1.5740966653,1.1610065787,B,0,0.3561256378,B-,0,0.3451786222,B-,1.0923913043,0.4343660486,B-,#DIV/0!,#DIV/0!,#DIV/0!,0,0.2957885899,B-,#DIV/0!,#DIV/0!
"Erie County (Central) PUMA, New York",1.185,0.589318371,B-,0.2767869829,-1.3014650668,D-,0,0.3561256378,B-,0,0.3451786222,B-,0.8995576467,0.0309118087,C,0,0.5949986441,B-,#DIV/0!,#DIV/0!,#DIV/0!,#DIV/0!,#DIV/0!
"Erie County (West Central)--Buffalo City (East) PUMA, New York",0.368,-2.1585861939,E,0.5820046058,-0.7221201715,C-,24.0484325361,-2.0539255891,E,0,0.3451786222,B-,0.6684891079,-0.4525389683,C-,#DIV/0!,#DIV/0!,#DIV/0!,0,0.2957885899,B-,#DIV/0!,#DIV/0!
"Erie County (West Central)--Buffalo City (West) PUMA, New York",0.268,-2.4951861134,E,0.5925765397,-0.7020531915,C-,4.1838435647,-0.0631647796,C,#DIV/0!,#DIV/0!,#DIV/0!,0.1541794559,-1.5285980556,D-,0,0.5949986441,B-,0,0.2957885899,B-,#DIV/0!,#DIV/0!
"Erie County (South) PUMA, New York",1.301,0.9787000818,B,0.4019349364,-1.0639170927,D,0,0.3561256378,B-,0,0.3451786222,B-,0,-1.8511784388,E,#DIV/0!,#DIV/0!,#DIV/0!,#DIV/0!,#DIV/0!,#DIV/0!,#DIV/0!,#DIV/0!
"Livingston & Wyoming Counties PUMA, New York",#DIV/0!,#DIV/0!,#DIV/0!,#DIV/0!,#DIV/0!,#DIV/0!,0,0.3561256378,B-,#DIV/0!,#DIV/0!,#DIV/0!,1.1490925798,0.5529987098,B-,#DIV/0!,#DIV/0!,#DIV/0!,#DIV/0!,#DIV/0!,#DIV/0!,#DIV/0!,#DIV/0!
"Ontario & Yates Counties PUMA, New York",1.310,1.0089120768,B,1.1216504208,0.3022015737,B-,0,0.3561256378,B-,0,0.3451786222,B-,0.6682953194,-0.4529444203,C-,0,0.5949986441,B-,0,0.2957885899,B-,0.3500372463,B-
"Madison & Cortland Counties PUMA, New York",#DIV/0!,#DIV/0!,#DIV/0!,#DIV/0!,#DIV/0!,#DIV/0!,#DIV/0!,#DIV/0!,#DIV/0!,#DIV/0!,#DIV/0!,#DIV/0!,#DIV/0!,#DIV/0!,#DIV/0!,#DIV/0!,#DIV/0!,#DIV/0!,#DIV/0!,#DIV/0!,#DIV/0!,#DIV/0!,#DIV/0!
"Fulton & Montgomery Counties PUMA, New York",0.793,-0.72892782,C-,0.0894483186,-1.6570595369,D-,0,0.3561256378,B-,0,0.3451786222,B-,0.7000290188,-0.3865499136,C-,#DIV/0!,#DIV/0!,#DIV/0!,0,0.2957885899,B-,#DIV/0!,#DIV/0!
"Schenectady County--Schenectady City PUMA, New York",0.795,-0.7216331206,C-,1.5492408341,1.1138268033,B,11.4767162996,-0.7940314112,D,0,0.3451786222,B-,0.9282632805,0.0909708764,C,15.696969697,-4.3091566596,E,0,0.2957885899,B-,-0.5684366142,C-
"Saratoga County (South & Central) PUMA, New York",1.266,0.8593601368,B,1.4590230559,0.942581091,B,0,0.3561256378,B-,0,0.3451786222,B-,0.7805726222,-0.2180333866,C,0,0.5949986441,B-,10.090113102,-1.2673769828,D-,0.2304048232,C
"Saratoga County (Outer) PUMA, New York",1.270,0.8721382294,B,0.2160122515,-1.4168238395,D-,9.4508860882,-0.5910096725,C-,21.8992032611,-3.6790788719,E,0.1637334248,-1.5086088624,D-,0,0.5949986441,B-,59.6209366391,-8.9407179411,E,-2.0955860449,E
"Rensselaer County--Troy City PUMA, New York",0.644,-1.229245698,D,0.6415815812,-0.609034904,C-,5.741259586,-0.2192436586,C,28.8212845407,-4.9510994625,E,0,-1.8511784388,E,1.4861345463,0.1306902612,C,7.7698922303,-0.9079271578,D,-1.3767198655,D-
"Albany County (East Central)--Albany City PUMA, New York",0.286,-2.4326004919,E,1.3013398921,0.6432768267,B-,10.8521330297,-0.7314378233,C-,0,0.3451786222,B-,1.2655876676,0.7967343607,B,0,0.5949986441,B-,0,0.2957885899,B-,-0.0697230388,C
"Albany County (Outside Albany City) PUMA, New York",0.674,-1.1299722952,D,0.7657087643,-0.3734244918,C-,2.5825037185,0.0973159942,C,0,0.3451786222,B-,0.7915534559,-0.1950588501,C,0,0.5949986441,B-,6.3924727832,-0.6945366203,C-,-0.1936427139,C
"Columbia & Greene Counties PUMA, New York",#DIV/0!,#DIV/0!,#DIV/0!,#DIV/0!,#DIV/0!,#DIV/0!,0,0.3561256378,B-,#DIV/0!,#DIV/0!,#DIV/0!,1.2121555916,0.6849416485,B-,#DIV/0!,#DIV/0!,#DIV/0!,#DIV/0!,#DIV/0!,#DIV/0!,#DIV/0!,#DIV/0!
"Broome County (West Central)--Greater Binghamton City & Greater Johnson City Village PUMA, New York",1.052,0.1404910824,C,0.6119870308,-0.6652094181,C-,2.6113039911,0.0944297299,C,0,0.3451786222,B-,0.5403665989,-0.7206019719,C-,5.7697368421,-1.2076222491,D,#DIV/0!,#DIV/0!,#DIV/0!,#DIV/0!,#DIV/0!
"Broome (Outer West) & Tioga Counties PUMA, New York",#DIV/0!,#DIV/0!,#DIV/0!,#DIV/0!,#DIV/0!,#DIV/0!,#DIV/0!,#DIV/0!,#DIV/0!,#DIV/0!,#DIV/0!,#DIV/0!,#DIV/0!,#DIV/0!,#DIV/0!,#DIV/0!,#DIV/0!,#DIV/0!,#DIV/0!,#DIV/0!,#DIV/0!,#DIV/0!,#DIV/0!
"Chenango, Delaware & Broome (East) Counties PUMA; New York",1.206,0.6584307097,B-,2.2055314729,2.3595564168,A,0.395542802,0.3164856982,B-,0,0.3451786222,B-,0.0734530736,-1.6974969999,D-,0,0.5949986441,B-,0,0.2957885899,B-,0.4104202401,B-
"Tompkins County PUMA, New York",1.325,1.0585568345,B,0.3670731443,-1.1300895538,D,2.6709746591,0.0884497407,C,0,0.3451786222,B-,0.4999101532,-0.8052465549,D,5.9593744655,-1.2668701405,D-,0,0.2957885899,B-,-0.2020332088,C
"Chemung (South) & Steuben (East) Counties--Greater Elmira & Greater Corning Cities PUMA, New York",0.921,-0.2985696125,C-,0.7473138891,-0.408340487,C-,0.4364125754,0.31238987,B-,1.3834513058,0.090951826,C,0.914513872,0.0622038175,C,0,0.5949986441,B-,0,0.2957885899,B-,0.092774664,C
"Steuben (North & West), Schuyler & Chemung (North) Counties PUMA; New York",#DIV/0!,#DIV/0!,#DIV/0!,#DIV/0!,#DIV/0!,#DIV/0!,#DIV/0!,#DIV/0!,#DIV/0!,#DIV/0!,#DIV/0!,#DIV/0!,#DIV/0!,#DIV/0!,#DIV/0!,#DIV/0!,#DIV/0!,#DIV/0!,#DIV/0!,#DIV/0!,#DIV/0!,#DIV/0!,#DIV/0!
"Cattaraugus & Allegany Counties PUMA, New York",1.278,0.9014402313,B,0.8194235826,-0.271466402,C-,0,0.3561256378,B-,0,0.3451786222,B-,1.1753481176,0.6079315891,B-,#DIV/0!,#DIV/0!,#DIV/0!,0,0.2957885899,B-,#DIV/0!,#DIV/0!
"Chautauqua County PUMA, New York",#DIV/0!,#DIV/0!,#DIV/0!,#DIV/0!,#DIV/0!,#DIV/0!,#DIV/0!,#DIV/0!,#DIV/0!,#DIV/0!,#DIV/0!,#DIV/0!,#DIV/0!,#DIV/0!,#DIV/0!,#DIV/0!,#DIV/0!,#DIV/0!,#DIV/0!,#DIV/0!,#DIV/0!,#DIV/0!,#DIV/0!
"Sullivan & Ulster (West) Counties PUMA, New York",1.151,0.4719301899,B-,0.8469544002,-0.2192091357,C,0,0.3561256378,B-,0,0.3451786222,B-,1.3281101614,0.9275464064,B,#DIV/0!,#DIV/0!,#DIV/0!,0,0.2957885899,B-,#DIV/0!,#DIV/0!
"Ulster County (East) PUMA, New York",0.211,-2.685169084,E,1.2831883988,0.6088228039,B-,1.927700463,0.1629381251,C,0,0.3451786222,B-,0.8097886065,-0.1569065435,C,6.5303938356,-1.445271942,D-,4.3341298701,-0.375657065,C-,-0.5065807262,C-
"Dutchess County (North & East) PUMA, New York",0.862,-0.4972314065,C-,0.7683117105,-0.3684837431,C-,5.7994556669,-0.2250758698,C,#DIV/0!,#DIV/0!,#DIV/0!,1.0165208998,0.2756269738,B-,#DIV/0!,#DIV/0!,#DIV/0!,0,0.2957885899,B-,#DIV/0!,#DIV/0!
"Dutchess County (Southwest) PUMA, New York",1.191,0.6065537969,B-,1.3381586705,0.7131639162,B-,1.9209019948,0.1636194443,C,0,0.3451786222,B-,1.0295428955,0.3028721106,B-,0,0.5949986441,B-,#DIV/0!,#DIV/0!,#DIV/0!,#DIV/0!,#DIV/0!
"Orange County (Northeast)--Greater Newburgh City PUMA, New York",1.125,0.3864123377,B-,0.5022328284,-0.8735379421,D,0,0.3561256378,B-,#DIV/0!,#DIV/0!,#DIV/0!,0.9662020128,0.1703477994,C,0,0.5949986441,B-,0,0.2957885899,B-,#DIV/0!,#DIV/0!
"Orange County (Northwest) PUMA, New York",1.260,0.840827741,B,0.6149731487,-0.6595413569,C-,0,0.3561256378,B-,0,0.3451786222,B-,0.8862509423,0.0030709932,C,0,0.5949986441,B-,#DIV/0!,#DIV/0!,#DIV/0!,#DIV/0!,#DIV/0!
"Orange County (Southeast) PUMA, New York",1.155,0.4854492865,B-,2.8134460328,3.5134615999,A,0,0.3561256378,B-,#DIV/0!,#DIV/0!,#DIV/0!,0.888208839,0.0071673825,C,0,0.5949986441,B-,0,0.2957885899,B-,#DIV/0!,#DIV/0!
"Rockland County (North)--New City & Congers PUMA, New York",0.720,-0.9760810421,D,1.1936719441,0.4389082996,B-,12.2850990525,-0.8750447513,D,0,0.3451786222,B-,0.6483917156,-0.494587531,C-,#DIV/0!,#DIV/0!,#DIV/0!,0,0.2957885899,B-,#DIV/0!,#DIV/0!
"Rockland County (South)--Orangetown, Clarkstown (South) & Ramapo (Southeast) Towns PUMA; New York",1.259,0.8358319187,B,0.8936443535,-0.1305852029,C,0,0.3561256378,B-,#DIV/0!,#DIV/0!,#DIV/0!,1.1570347362,0.5696156049,B-,0,0.5949986441,B-,0,0.2957885899,B-,#DIV/0!,#DIV/0!
"Rockland County (West)--Spring Valley, Suffern Villages & Monsey PUMA; New York",1.033,0.0782576893,C,0.9769488734,0.0275381975,C,6.5022845953,-0.2955109685,C-,23.4157350329,-3.9577608986,E,0.7156707904,-0.3538235777,C-,0.9962686567,0.2837375338,B-,0,0.2957885899,B-,-0.5602533478,C-
"Putnam County PUMA, New York",0.931,-0.2653726188,C-,0.5728060316,-0.7395803265,C-,#DIV/0!,#DIV/0!,#DIV/0!,#DIV/0!,#DIV/0!,#DIV/0!,0.8024672739,-0.1722245265,C,9.9674805195,-2.5191102188,E,1.7978003105,0.0172724303,C,#DIV/0!,#DIV/0!
"Westchester County (Northwest) PUMA, New York",1.003,-0.0250057867,C,0.8401613026,-0.2321033663,C,4.3428216435,-0.0790970161,C,1.5807653527,0.054692857,C,0.8335035616,-0.1072891724,C,0,0.5949986441,B-,2.0828133263,-0.0268819345,C,0.0256163179,C
"Westchester County (Northeast) PUMA, New York",1.269,0.8702045323,B,0.5258113897,-0.8287826001,D,4.3067909422,-0.075486143,C,#DIV/0!,#DIV/0!,#DIV/0!,0.8166660099,-0.1425173671,C,0,0.5949986441,B-,1.7985004686,0.0171639614,C,#DIV/0!,#DIV/0!
"Westchester County (Southeast) PUMA, New York",1.189,0.6003941898,B-,0.5253206179,-0.8297141523,D,0,0.3561256378,B-,#DIV/0!,#DIV/0!,#DIV/0!,0.616054173,-0.5622454224,C-,0,0.5949986441,B-,4.5330474504,-0.4064734801,C-,#DIV/0!,#DIV/0!
"Westchester County (Central)--White Plains City PUMA, New York",1.396,1.2980364736,A-,0.9614992295,-0.001787345,C,0.9087792589,0.265050905,B-,1.5881028403,0.0533445002,C,0.82526727,-0.1245214688,C,1.7243539546,0.0562641141,C,3.1331570611,-0.1896017325,C,0.1938264924,C
"Westchester County (Southwest)--Yonkers City PUMA, New York",0.817,-0.6497310254,C-,0.9151509159,-0.0897627987,C,0.9334371372,0.2625797772,B-,0,0.3451786222,B-,0.6762902704,-0.4362170663,C-,#DIV/0!,#DIV/0!,#DIV/0!,1.9684259734,-0.0091609862,C,#DIV/0!,#DIV/0!
"Westchester County (South Central)--New Rochelle & Mount Vernon Cities PUMA, New York",0.925,-0.2877163372,C-,0.4817964416,-0.9123290062,D,101.4584354803,-9.8116899379,E,#DIV/0!,#DIV/0!,#DIV/0!,0.5141797732,-0.775391089,D,#DIV/0!,#DIV/0!,#DIV/0!,18.7002254197,-2.6012600637,E,#DIV/0!,#DIV/0!
"Nassau County (Northwest)--North Hempstead Town (North) PUMA, New York",1.591,1.9533924752,A,0.7594967447,-0.3852157567,C-,0,0.3561256378,B-,#DIV/0!,#DIV/0!,#DIV/0!,0.9463160675,0.1287416346,C,#DIV/0!,#DIV/0!,#DIV/0!,0,0.2957885899,B-,#DIV/0!,#DIV/0!
"Nassau County (Northeast)--Oyster Bay Town (North) & Glen Cove City PUMA, New York",1.122,0.3769789952,B-,0.5784498986,-0.7288674931,C-,2.4188591084,0.1137158944,C,3.5736355367,-0.3115224193,C-,0.8784096697,-0.0133348288,C,0.8019783843,0.3444390378,B-,2.4876564946,-0.0896004488,C,-0.0440273232,C
"Nassau County (East Central)--Oyster Bay Town (Central) PUMA, New York",1.096,0.288748623,B-,0.7427655059,-0.4169739419,C-,0.8756515403,0.2683708511,B-,0,0.3451786222,B-,0.8799218362,-0.010171014,C,1.5624401914,0.1068503263,C,1.5557810288,0.0547661833,C,0.0909670929,C
"Nassau County (West Central)--North Hempstead Town (South) PUMA, New York",1.289,0.9370008656,B,1.1811252826,0.4150930159,B-,0,0.3561256378,B-,#DIV/0!,#DIV/0!,#DIV/0!,0.8516618164,-0.0692977502,C,0,0.5949986441,B-,#DIV/0!,#DIV/0!,#DIV/0!,#DIV/0!,#DIV/0!
"Nassau County (West Central)--Hempstead Town (Northwest) PUMA, New York",1.066,0.1892099214,C,0.7790224552,-0.3481532811,C-,11.8851089253,-0.834959116,D,#DIV/0!,#DIV/0!,#DIV/0!,0.7355371439,-0.3122584037,C-,#DIV/0!,#DIV/0!,#DIV/0!,1.4271229698,0.0746979568,C,#DIV/0!,#DIV/0!
"Nassau County (Central)--Hempstead Town (North Central)--Meadowbrook Corridor PUMA, New York",1.103,0.3132427977,B-,1.014791375,0.0993684539,C,1.5618024933,0.1996071617,C,#DIV/0!,#DIV/0!,#DIV/0!,0.7052296982,-0.3756688456,C-,0,0.5949986441,B-,0,0.2957885899,B-,#DIV/0!,#DIV/0!
"Nassau County (Central)--Hempstead Town (Northeast) PUMA, New York",1.040,0.1012547701,C,0.9391842896,-0.0441441603,C,0,0.3561256378,B-,#DIV/0!,#DIV/0!,#DIV/0!,1.1910128594,0.6407059843,B-,#DIV/0!,#DIV/0!,#DIV/0!,1.4215108158,0.0755673946,C,#DIV/0!,#DIV/0!
"Nassau County (Southeast)--Oyster Bay Town (South) PUMA, New York",0.981,-0.0975518924,C,0.7660025094,-0.3728669233,C-,0,0.3561256378,B-,#DIV/0!,#DIV/0!,#DIV/0!,1.0721630035,0.3920435938,B-,#DIV/0!,#DIV/0!,#DIV/0!,0,0.2957885899,B-,#DIV/0!,#DIV/0!
"Nassau County (Central)--Hempstead Town (East Central) PUMA, New York",1.006,-0.0129402943,C,1.5185314926,1.0555362627,B,0,0.3561256378,B-,#DIV/0!,#DIV/0!,#DIV/0!,1.0602182913,0.3670523924,B-,#DIV/0!,#DIV/0!,#DIV/0!,0,0.2957885899,B-,#DIV/0!,#DIV/0!
"Nassau County (South Central)--Hempstead Town (Southeast) PUMA, New York",1.208,0.6643935512,B-,0.5751331828,-0.7351630744,C-,0,0.3561256378,B-,0,0.3451786222,B-,0.8429395533,-0.0875468157,C,0,0.5949986441,B-,#DIV/0!,#DIV/0!,#DIV/0!,#DIV/0!,#DIV/0!
"Nassau County (West Central)--Hempstead Town (West Central) PUMA, New York",1.157,0.4923182933,B-,0.7199253526,-0.4603276845,C-,0,0.3561256378,B-,0,0.3451786222,B-,0.9780240585,0.1950823529,C,#DIV/0!,#DIV/0!,#DIV/0!,0,0.2957885899,B-,#DIV/0!,#DIV/0!
"Nassau County (Southwest)--Hempstead Town (Southwest) & Long Beach City PUMA, New York",1.303,0.9857955535,B,0.9201529319,-0.0802682866,C,0,0.3561256378,B-,#DIV/0!,#DIV/0!,#DIV/0!,0.2557375247,-1.3161142292,D-,0,0.5949986441,B-,0,0.2957885899,B-,#DIV/0!,#DIV/0!
"Suffolk County (Northwest)--Huntington Town (North) PUMA, New York",1.241,0.7759108612,B,0.6839789334,-0.5285589164,C-,28.7404801325,-2.5241464673,E,#DIV/0!,#DIV/0!,#DIV/0!,1.1375282592,0.5288033788,B-,#DIV/0!,#DIV/0!,#DIV/0!,0,0.2957885899,B-,#DIV/0!,#DIV/0!
"Suffolk County (Northwest)--Huntington Town (South) PUMA, New York",1.587,1.9397091604,A,0.9203946455,-0.0798094811,C,0,0.3561256378,B-,#DIV/0!,#DIV/0!,#DIV/0!,1.0536806581,0.3533740965,B-,#DIV/0!,#DIV/0!,#DIV/0!,0,0.2957885899,B-,#DIV/0!,#DIV/0!
"Suffolk County (Northwest)--Smithtown Town PUMA, New York",1.289,0.9355408418,B,0.7866446869,-0.3336852403,C-,0,0.3561256378,B-,0,0.3451786222,B-,0.5901104105,-0.6165259931,C-,#DIV/0!,#DIV/0!,#DIV/0!,0,0.2957885899,B-,#DIV/0!,#DIV/0!
"Suffolk County (North Central)--Brookhaven Town (North) PUMA, New York",0.743,-0.8986137056,D,1.0129779297,0.0959262862,C,0,0.3561256378,B-,#DIV/0!,#DIV/0!,#DIV/0!,1.1152017895,0.4820910519,B-,#DIV/0!,#DIV/0!,#DIV/0!,#DIV/0!,#DIV/0!,#DIV/0!,#DIV/0!,#DIV/0!
"Suffolk County (East) PUMA, New York",1.335,1.0914491922,B,0.7384712302,-0.425125066,C-,0,0.3561256378,B-,#DIV/0!,#DIV/0!,#DIV/0!,1.1267241379,0.506198567,B-,#DIV/0!,#DIV/0!,#DIV/0!,0,0.2957885899,B-,#DIV/0!,#DIV/0!
"Suffolk County (South Central)--Brookhaven Town (South) PUMA, New York",0.979,-0.1046723844,C,0.359991715,-1.1435310776,D,3.2496158093,0.0304603141,C,3.4937729278,-0.2968466479,C-,0.9750706515,0.1889031176,C,2.8821917808,-0.3054755481,C-,9.4315068493,-1.1653453593,D,-0.3995010837,C-
"Suffolk County (Central)--Brookhaven Town (Central) PUMA, New York",1.017,0.0231117056,C,1.2719813219,0.5875502353,B-,0,0.3561256378,B-,#DIV/0!,#DIV/0!,#DIV/0!,0.7396367294,-0.3036810881,C-,#DIV/0!,#DIV/0!,#DIV/0!,0.888423121,0.1581536177,C,#DIV/0!,#DIV/0!
"Suffolk County (Central)--Brookhaven Town (West Central) PUMA, New York",0.896,-0.384125592,C-,1.270580107,0.5848905372,B-,3.3905586454,0.0163355076,C,#DIV/0!,#DIV/0!,#DIV/0!,0.7855799039,-0.2075569531,C,0,0.5949986441,B-,0,0.2957885899,B-,#DIV/0!,#DIV/0!
"Suffolk County (Central)--Islip Town (East) PUMA, New York",1.128,0.396652644,B-,1.2524034233,0.5503886995,B-,0,0.3561256378,B-,0,0.3451786222,B-,0.905361943,0.043055788,C,0,0.5949986441,B-,0,0.2957885899,B-,0.3688840894,B-
"Suffolk County (Central)--Islip Town (Northwest) PUMA, New York",0.820,-0.6383794244,C-,0.7521705734,-0.3991218344,C-,0.3745649652,0.3185880248,B-,0.9159432715,0.1768623812,C,1.1891653843,0.6368406235,B-,#DIV/0!,#DIV/0!,#DIV/0!,#DIV/0!,#DIV/0!,#DIV/0!,#DIV/0!,#DIV/0!
"Suffolk County (Southwest)--Islip Town (South) PUMA, New York",0.882,-0.431293646,C-,0.6351767894,-0.6211920768,C-,1.1292064289,0.2429604519,C,#DIV/0!,#DIV/0!,#DIV/0!,0.7466607514,-0.28898515,C-,#DIV/0!,#DIV/0!,#DIV/0!,#DIV/0!,#DIV/0!,#DIV/0!,#DIV/0!,#DIV/0!
"Suffolk County (Southwest)--Babylon Town (Southeast) PUMA, New York",1.232,0.746676061,B-,0.4159536876,-1.0373075807,D,0,0.3561256378,B-,#DIV/0!,#DIV/0!,#DIV/0!,0.9602542561,0.1579036665,C,#DIV/0!,#DIV/0!,#DIV/0!,2.5181222642,-0.0943202217,C,#DIV/0!,#DIV/0!
"Suffolk County (West Central)--Babylon Town (Northwest) PUMA, New York",1.155,0.4857978798,B-,0.8087980622,-0.2916350967,C-,0,0.3561256378,B-,#DIV/0!,#DIV/0!,#DIV/0!,0.599486067,-0.5969098719,C-,0,0.5949986441,B-,0,0.2957885899,B-,#DIV/0!,#DIV/0!
"NYC-Bronx Community District 8--Riverdale, Fieldston & Kingsbridge PUMA; New York",1.226,0.7239232206,B-,0.6926130006,-0.5121702732,C-,0,0.3561256378,B-,#DIV/0!,#DIV/0!,#DIV/0!,0.5338692763,-0.7341959285,C-,#DIV/0!,#DIV/0!,#DIV/0!,0,0.2957885899,B-,#DIV/0!,#DIV/0!
"NYC-Bronx Community District 12--Wakefield, Williamsbridge & Woodlawn PUMA; New York",1.252,0.8121995338,B,0.449741616,-0.9731734602,D,1.2975163755,0.2260930077,C,#DIV/0!,#DIV/0!,#DIV/0!,0.8139251374,-0.1482519294,C,0.4434001884,0.4564685056,B-,0.9861805649,0.1430089836,C,#DIV/0!,#DIV/0!
"NYC-Bronx Community District 10--Co-op City, Pelham Bay & Schuylerville PUMA; New York",0.734,-0.9267006753,D,0.5949584694,-0.6975319624,C-,0.4283393492,0.313198941,B-,0.925610088,0.1750859805,C,0.7012030576,-0.3840935432,C-,0,0.5949986441,B-,0.8946561542,0.157187993,C,-0.1096935175,C
"NYC-Bronx Community District 11--Pelham Parkway, Morris Park & Laconia PUMA; New York",1.421,1.3799425091,A-,0.7224796591,-0.4554792604,C-,6.3984303673,-0.2851030549,C-,#DIV/0!,#DIV/0!,#DIV/0!,0.5734276471,-0.6514303334,C-,#DIV/0!,#DIV/0!,#DIV/0!,11.7412417461,-1.5231706916,D-,#DIV/0!,#DIV/0!
"NYC-Bronx Community District 3 & 6--Belmont, Crotona Park East & East Tremont PUMA; New York",0.814,-0.6606329974,C-,0.7426914336,-0.4171145413,C-,#DIV/0!,#DIV/0!,#DIV/0!,#DIV/0!,#DIV/0!,#DIV/0!,#DIV/0!,#DIV/0!,#DIV/0!,#DIV/0!,#DIV/0!,#DIV/0!,#DIV/0!,#DIV/0!,#DIV/0!,#DIV/0!,#DIV/0!
"NYC-Bronx Community District 7--Bedford Park, Fordham North & Norwood PUMA; New York",1.044,0.112370488,C,0.5915998249,-0.7039071301,C-,0.4179263147,0.3142424995,B-,#DIV/0!,#DIV/0!,#DIV/0!,0.2984637304,-1.2267207642,D,0,0.5949986441,B-,0.8091048606,0.1704416439,C,#DIV/0!,#DIV/0!
"NYC-Bronx Community District 5--Morris Heights, Fordham South & Mount Hope PUMA; New York",1.274,0.8866476216,B,1.7129482424,1.4245659093,A-,0.5115681234,0.3048580394,B-,0.3958664547,0.2724331196,B-,#DIV/0!,#DIV/0!,#DIV/0!,0.9603571912,0.294957241,B-,0,0.2957885899,B-,#DIV/0!,#DIV/0!
"NYC-Bronx Community District 4--Concourse, Highbridge & Mount Eden PUMA; New York",#DIV/0!,#DIV/0!,#DIV/0!,#VALUE!,#VALUE!,#VALUE!,#DIV/0!,#DIV/0!,#DIV/0!,#DIV/0!,#DIV/0!,#DIV/0!,#DIV/0!,#DIV/0!,#DIV/0!,#DIV/0!,#DIV/0!,#DIV/0!,#DIV/0!,#DIV/0!,#DIV/0!,#DIV/0!,#DIV/0!
"NYC-Bronx Community District 9--Castle Hill, Clason Point & Parkchester PUMA; New York",0.740,-0.9072584242,D,0.524472179,-0.8313246057,D,#DIV/0!,#DIV/0!,#DIV/0!,#DIV/0!,#DIV/0!,#DIV/0!,1.8915937561,2.1064891703,A,#DIV/0!,#DIV/0!,#DIV/0!,#DIV/0!,#DIV/0!,#DIV/0!,#DIV/0!,#DIV/0!
"NYC-Bronx Community District 1 & 2--Hunts Point, Longwood & Melrose PUMA; New York",0.841,-0.5685771642,C-,2.5345990175,2.9841717333,A,#DIV/0!,#DIV/0!,#DIV/0!,#DIV/0!,#DIV/0!,#DIV/0!,#DIV/0!,#DIV/0!,#DIV/0!,0.0865885417,0.567946056,B-,#DIV/0!,#DIV/0!,#DIV/0!,#DIV/0!,#DIV/0!
"NYC-Manhattan Community District 12--Washington Heights, Inwood & Marble Hill PUMA; New York",0.767,-0.8175328014,D,0.5803067028,-0.7253430242,C-,0.7828575805,0.2776703427,B-,1.4628448618,0.0763622489,C,0,-1.8511784388,E,0.5916241818,0.4101593455,B-,1.3636582103,0.0845299503,C,-0.363618911,C-
"NYC-Manhattan Community District 9--Hamilton Heights, Manhattanville & West Harlem PUMA; New York",1.391,1.2808043032,A-,0.4968441104,-0.8837664678,D,1.1994825408,0.2359176216,C,#DIV/0!,#DIV/0!,#DIV/0!,0.7810931778,-0.2169442596,C,3.9704859656,-0.6454879073,C-,0,0.2957885899,B-,#DIV/0!,#DIV/0!
"NYC-Manhattan Community District 10--Central Harlem PUMA, New York",0.901,-0.3666137584,C-,0.7164103656,-0.4669996117,C-,4.6464096527,-0.1095215626,C,#DIV/0!,#DIV/0!,#DIV/0!,2.1796001324,2.7090675531,A,3.0724170842,-0.3649070466,C-,0,0.2957885899,B-,#DIV/0!,#DIV/0!
"NYC-Manhattan Community District 11--East Harlem PUMA, New York",0.837,-0.5834641228,C-,1.0209190811,0.1109996802,C,0.6890606654,0.287070347,B-,0,0.3451786222,B-,0.3232136246,-1.1749380522,D,1.2301109774,0.2106789066,C,#DIV/0!,#DIV/0!,#DIV/0!,#DIV/0!,#DIV/0!
"NYC-Manhattan Community District 8--Upper East Side PUMA, New York",0.924,-0.2882626966,C-,0.8782583567,-0.1597899343,C,1.3237390706,0.2234650594,C,3.7933680249,-0.3519010624,C-,1.1202369243,0.492625761,B-,3.6646067436,-0.5499230156,C-,0,0.2957885899,B-,-0.0482853284,C
"NYC-Manhattan Community District 7--Upper West Side & West Side PUMA, New York",0.969,-0.1375685633,C,0.576346708,-0.7328596372,C-,0.6078439965,0.2952096024,B-,#DIV/0!,#DIV/0!,#DIV/0!,0.2865552074,-1.2516362491,D-,0,0.5949986441,B-,0,0.2957885899,B-,#DIV/0!,#DIV/0!
"NYC-Manhattan Community District 4 & 5--Chelsea, Clinton & Midtown Business District PUMA; New York",0.889,-0.4085948224,C-,1.0659299496,0.1964364798,C,5.1202907648,-0.1570122983,C,4.6324268083,-0.5060887996,C-,1.1420935867,0.5383551384,B-,2.3764468068,-0.1474672227,C,1.4382088847,0.0729805211,C,-0.0587701434,C
"NYC-Manhattan Community District 6--Murray Hill, Gramercy & Stuyvesant Town PUMA; New York",0.971,-0.1304516162,C,0.9909518964,0.0541178549,C,0.2582789206,0.3302418124,B-,0,0.3451786222,B-,1.1229717842,0.4983477434,B-,0.2962712803,0.5024355317,B-,0,0.2957885899,B-,0.2708083626,B-
"NYC-Manhattan Community District 3--Chinatown & Lower East Side PUMA, New York",0.906,-0.349719079,C-,2.1206127011,2.198368945,A,1.172607995,0.2386108962,C,5.5312157722,-0.6712527181,C-,0.8593788128,-0.0531519438,C,0.8010834576,0.344718637,B-,0,0.2957885899,B-,0.286194761,B-
"NYC-Manhattan Community District 1 & 2--Battery Park City, Greenwich Village & Soho PUMA; New York",1.081,0.2393661018,C,0.8206756371,-0.2690898309,C-,4.713227105,-0.1162177779,C,#DIV/0!,#DIV/0!,#DIV/0!,0.4307352205,-0.9499770974,D,3.4069710338,-0.469430694,C-,0,0.2957885899,B-,#DIV/0!,#DIV/0!
"NYC-Staten Island Community District 3--Tottenville, Great Kills & Annadale PUMA; New York",0.774,-0.7931339491,D,1.2813405518,0.6053153368,B-,0,0.3561256378,B-,0,0.3451786222,B-,0.7759877042,-0.2276261343,C,#DIV/0!,#DIV/0!,#DIV/0!,0,0.2957885899,B-,#DIV/0!,#DIV/0!
"NYC-Staten Island Community District 2--New Springville & South Beach PUMA, New York",0.844,-0.5582449465,C-,0.9402772785,-0.0420695175,C,3.5710164994,-0.0017493581,C,0,0.3451786222,B-,0.9806444371,0.2005648132,C,2.887341529,-0.3070844679,C-,0,0.2957885899,B-,-0.0096594664,C
"NYC-Staten Island Community District 1--Port Richmond, Stapleton & Mariner's Harbor PUMA; New York",1.075,0.2181592059,C,1.1420050617,0.340837473,B-,1.3078893292,0.225053466,C,0.8796929625,0.1835238371,C,1.0002033338,0.241486714,C,0,0.5949986441,B-,0,0.2957885899,B-,0.2999782757,B-
"NYC-Brooklyn Community District 1--Greenpoint & Williamsburg PUMA, New York",0.787,-0.7500909966,D,1.0941094011,0.2499249423,C,0.9858867554,0.2573234568,B-,0,0.3451786222,B-,2.9174987602,4.2529283787,A,1.6535690008,0.0783792365,C,0,0.2957885899,B-,0.6756331757,B-
"NYC-Brooklyn Community District 4--Bushwick PUMA, New York",0.537,-1.5904777185,D-,0.6528487536,-0.5876482659,C-,2.8129145626,0.0742250116,C,0,0.3451786222,B-,1.3350090036,0.9419804381,B,4.0782739051,-0.6791637572,C-,0,0.2957885899,B-,-0.1714452971,C
"NYC-Brooklyn Community District 3--Bedford-Stuyvesant PUMA, New York",0.219,-2.6588142895,E,0.328642791,-1.2030356333,D,4.9800843789,-0.1429612964,C,20.1741573034,-3.3620797081,E,2.0664725061,2.4723774389,A,7.955942029,-1.8906515196,E,#DIV/0!,#DIV/0!,#DIV/0!,#DIV/0!,#DIV/0!
"NYC-Brooklyn Community District 2--Brooklyn Heights & Fort Greene PUMA, New York",1.034,0.0817976204,C,1.0345926538,0.136953996,C,1.8948078709,0.1662345076,C,0,0.3451786222,B-,1.2310744021,0.7245243356,B-,2.2421695696,-0.1055154041,C,1.5993269228,0.0480200308,C,0.1995991012,C
"NYC-Brooklyn Community District 6--Park Slope, Carroll Gardens & Red Hook PUMA; New York",1.121,0.3712036304,B-,1.0172755454,0.10408375,C,3.7707085109,-0.0217618049,C,#DIV/0!,#DIV/0!,#DIV/0!,1.2441299663,0.7518397056,B,0,0.5949986441,B-,2.5762104376,-0.1033192717,C,#DIV/0!,#DIV/0!
"NYC-Brooklyn Community District 8--Crown Heights North & Prospect Heights PUMA, New York",0.972,-0.1269971826,C,0.888165877,-0.1409841023,C,5.131909456,-0.1581766836,C,#DIV/0!,#DIV/0!,#DIV/0!,0.419080126,-0.9743623492,D,0.4951079622,0.4403136071,B-,4.0690930611,-0.3345974247,C-,#DIV/0!,#DIV/0!
"NYC-Brooklyn Community District 16--Brownsville & Ocean Hill PUMA, New York",#DIV/0!,#DIV/0!,#DIV/0!,#VALUE!,#VALUE!,#VALUE!,0.1424731183,0.3418474718,B-,#DIV/0!,#DIV/0!,#DIV/0!,#DIV/0!,#DIV/0!,#DIV/0!,#DIV/0!,#DIV/0!,#DIV/0!,0,0.2957885899,B-,#DIV/0!,#DIV/0!
"NYC-Brooklyn Community District 5--East New York & Starrett City PUMA, New York",1.035,0.0828752636,C,1.5662414028,1.1460962135,B,#DIV/0!,#DIV/0!,#DIV/0!,#DIV/0!,#DIV/0!,#DIV/0!,0.542155669,-0.7168588085,C-,#DIV/0!,#DIV/0!,#DIV/0!,#DIV/0!,#DIV/0!,#DIV/0!,#DIV/0!,#DIV/0!
"NYC-Brooklyn Community District 18--Canarsie & Flatlands PUMA, New York",1.336,1.0948949167,B,0.9137058477,-0.0925057363,C,1.7743073078,0.1783106598,C,#DIV/0!,#DIV/0!,#DIV/0!,0.7465197498,-0.2892801593,C-,0.2060056468,0.5306369421,B-,0.3306330662,0.2445667433,C,#DIV/0!,#DIV/0!
"NYC-Brooklyn Community District 17--East Flatbush, Farragut & Rugby PUMA; New York",1.094,0.280511471,B-,0.5899772385,-0.7069870215,C-,#DIV/0!,#DIV/0!,#DIV/0!,#DIV/0!,#DIV/0!,#DIV/0!,0.3557688431,-1.1068247306,D,#DIV/0!,#DIV/0!,#DIV/0!,#DIV/0!,#DIV/0!,#DIV/0!,#DIV/0!,#DIV/0!
"NYC-Brooklyn Community District 9--Crown Heights South, Prospect Lefferts & Wingate PUMA; New York",1.226,0.7262526403,B-,1.8074213146,1.6038887532,A-,2.9888415068,0.0565942181,C,0,0.3451786222,B-,2.978670437,4.3809141911,A,1.6931542198,0.06601175,C,#DIV/0!,#DIV/0!,#DIV/0!,#DIV/0!,#DIV/0!
"NYC-Brooklyn Community District 7--Sunset Park & Windsor Terrace PUMA, New York",1.075,0.2171302105,C,1.7010884354,1.4020543696,A-,2.7434905003,0.0811824524,C,0,0.3451786222,B-,1.5050803935,1.297810557,A-,1.2156567525,0.215194795,C,6.7077035592,-0.7433723362,C-,0.4021683815,B-
"NYC-Brooklyn Community District 10--Bay Ridge & Dyker Heights PUMA, New York",1.126,0.3887476473,B-,0.7273073768,-0.4463155904,C-,1.9642948807,0.1592707584,C,3.6639234719,-0.3281139773,C-,1.3857734205,1.0481917679,B,1.9413336413,-0.0115261729,C,0,0.2957885899,B-,0.1580061461,C
"NYC-Brooklyn Community District 12--Borough Park, Kensington & Ocean Parkway PUMA; New York",1.426,1.3974457197,A-,0.8261935903,-0.2586159993,C-,2.9983354624,0.0556427665,C,5.270018622,-0.6232544153,C-,0.81288382,-0.1504306149,C,0.9857758132,0.2870157801,B-,0,0.2957885899,B-,0.143370261,C
"NYC-Brooklyn Community District 14--Flatbush & Midwood PUMA, New York",1.253,0.8158385172,B,1.6095980593,1.228393092,B,0.5719462281,0.2988071533,B-,1.0247345247,0.1568706029,C,0.4759723179,-0.855330245,D,0,0.5949986441,B-,0,0.2957885899,B-,0.3621951935,B-
"NYC-Brooklyn Community District 15--Sheepshead Bay, Gerritsen Beach & Homecrest PUMA; New York",1.099,0.2996807467,B-,0.7820569526,-0.3423933891,C-,0.6616253535,0.2898198197,B-,#DIV/0!,#DIV/0!,#DIV/0!,0.9841421457,0.2078828581,C,0,0.5949986441,B-,#DIV/0!,#DIV/0!,#DIV/0!,#DIV/0!,#DIV/0!
"NYC-Brooklyn Community District 11--Bensonhurst & Bath Beach PUMA, New York",1.253,0.8146410782,B,1.0313593831,0.1308168048,C,1.1266327366,0.2432183785,C,#DIV/0!,#DIV/0!,#DIV/0!,1.0589322008,0.3643615828,B-,0.6665667366,0.3867452768,B-,0.0581474692,0.2867803538,B-,#DIV/0!,#DIV/0!
"NYC-Brooklyn Community District 13--Brighton Beach & Coney Island PUMA, New York",1.045,0.1175968418,C,1.3704575353,0.7744715899,B,0.3454207203,0.3215087609,B-,0,0.3451786222,B-,0.8381901684,-0.0974836674,C,#DIV/0!,#DIV/0!,#DIV/0!,#DIV/0!,#DIV/0!,#DIV/0!,#DIV/0!,#DIV/0!
"NYC-Queens Community District 1--Astoria & Long Island City PUMA, New York",0.977,-0.1126150482,C,1.0155498211,0.1008080886,C,1.8853297726,0.1671843701,C,1.1939606501,0.1257731472,C,1.2155167394,0.6919739755,B-,2.33611022,-0.1348649886,C,6.4261247894,-0.6997500066,C-,0.0197870769,C
"NYC-Queens Community District 3--Jackson Heights & North Corona PUMA, New York",1.049,0.1297748953,C,1.1978589955,0.4468558972,B-,#DIV/0!,#DIV/0!,#DIV/0!,#DIV/0!,#DIV/0!,#DIV/0!,0.7085771333,-0.368665209,C-,1.3211582016,0.1822333062,C,#DIV/0!,#DIV/0!,#DIV/0!,#DIV/0!,#DIV/0!
"NYC-Queens Community District 7--Flushing, Murray Hill & Whitestone PUMA; New York",0.998,-0.0412235501,C,0.6047759151,-0.6788971043,C-,4.9079950461,-0.1357367513,C,#DIV/0!,#DIV/0!,#DIV/0!,0.764435366,-0.2517963952,C-,3.5437029547,-0.5121494218,C-,0.9437928456,0.1495757111,C,#DIV/0!,#DIV/0!
"NYC-Queens Community District 11--Bayside, Douglaston & Little Neck PUMA; New York",0.990,-0.0686556998,C,0.7490294961,-0.4050840296,C-,17.2617109854,-1.373783689,D-,#DIV/0!,#DIV/0!,#DIV/0!,0.98626967,0.212334149,C,#DIV/0!,#DIV/0!,#DIV/0!,#DIV/0!,#DIV/0!,#DIV/0!,#DIV/0!,#DIV/0!
"NYC-Queens Community District 13--Queens Village, Cambria Heights & Rosedale PUMA; New York",1.182,0.5764662282,B-,0.9036463722,-0.1116,C,0.4698654928,0.3090373336,B-,0.1391189135,0.3196137501,B-,1.1098457669,0.4708849685,B-,#DIV/0!,#DIV/0!,#DIV/0!,0.2677315717,0.2543114755,B-,#DIV/0!,#DIV/0!
"NYC-Queens Community District 8--Briarwood, Fresh Meadows & Hillcrest PUMA; New York",1.053,0.1455093273,C,0.7282074929,-0.4446070466,C-,14.1273017411,-1.059663971,D,#DIV/0!,#DIV/0!,#DIV/0!,0.6660819724,-0.4575752729,C-,#DIV/0!,#DIV/0!,#DIV/0!,2.6359543632,-0.1125748318,C,#DIV/0!,#DIV/0!
"NYC-Queens Community District 4--Elmhurst & South Corona PUMA, New York",0.836,-0.585348411,C-,1.4051783587,0.8403764732,B,#DIV/0!,#DIV/0!,#DIV/0!,#DIV/0!,#DIV/0!,#DIV/0!,#DIV/0!,#DIV/0!,#DIV/0!,#DIV/0!,#DIV/0!,#DIV/0!,#DIV/0!,#DIV/0!,#DIV/0!,#DIV/0!,#DIV/0!
"NYC-Queens Community District 6--Forest Hills & Rego Park PUMA, New York",1.009,-0.0045272766,C,0.8596714936,-0.1950703487,C,0.6636073344,0.2896211924,B-,0,0.3451786222,B-,1.7616448305,1.8346048652,A,0.4812271206,0.4446503551,B-,1.9004291282,0.0013731204,C,0.38797579,B-
"NYC-Queens Community District 2--Sunnyside & Woodside PUMA, New York",0.866,-0.4835564881,C-,0.8935738764,-0.130718978,C,1.1030987736,0.2455768714,C,0,0.3451786222,B-,1.3969451371,1.0715656773,B,3.6698824049,-0.551571274,C-,#DIV/0!,#DIV/0!,#DIV/0!,#DIV/0!,#DIV/0!
"NYC-Queens Community District 5--Ridgewood, Glendale & Middle Village PUMA; New York",1.086,0.2555228946,B-,0.843764143,-0.2252646812,C,0.2923213661,0.3268301956,B-,0,0.3451786222,B-,1.0050838813,0.2516979894,B-,3.2172156053,-0.4101459971,C-,0.3051152379,0.2485199785,C,0.113191286,C
"NYC-Queens Community District 9--Richmond Hill & Woodhaven PUMA, New York",0.899,-0.3741206655,C-,0.7156692127,-0.4684064215,C-,9.2131586902,-0.56718545,C-,#DIV/0!,#DIV/0!,#DIV/0!,1.0518529691,0.349550133,B-,#DIV/0!,#DIV/0!,#DIV/0!,4.9114460285,-0.4650951847,C-,#DIV/0!,#DIV/0!
"NYC-Queens Community District 12--Jamaica, Hollis & St. Albans PUMA; New York",0.878,-0.4439080199,C-,0.7354604946,-0.4308398549,C-,#DIV/0!,#DIV/0!,#DIV/0!,#DIV/0!,#DIV/0!,#DIV/0!,0.4479004666,-0.9140632877,D,#DIV/0!,#DIV/0!,#DIV/0!,#DIV/0!,#DIV/0!,#DIV/0!,#DIV/0!,#DIV/0!
"NYC-Queens Community District 10--Howard Beach & Ozone Park PUMA, New York",0.797,-0.7157948414,C-,1.1471795214,0.3506593069,B-,2.1624391494,0.1394134211,C,0,0.3451786222,B-,0.712528824,-0.3603973247,C-,#DIV/0!,#DIV/0!,#DIV/0!,2.8314393939,-0.1428594745,C,#DIV/0!,#DIV/0!
"NYC-Queens Community District 14--Far Rockaway, Breezy Point & Broad Channel PUMA; New York",1.221,0.70908445,B-,0.8084451401,-0.2923049912,C-,0,0.3561256378,B-,#DIV/0!,#DIV/0!,#DIV/0!,1.2504112155,0.7649815848,B,0,0.5949986441,B-,0,0.2957885899,B-,#DIV/0!,#DIV/0!
